Reference ID,Formula,Microstructure,Processing Method,Calculated Density (g/cm³),Yield Strength (MPa),Strength-to-Weight Ratio (MPa·cm³/g),Ag,Al,B,C,Ca,Co,Cr,Cu,Fe,Ga,Hf,Li,Mg,Mn,Mo,Nb,Nd,Ni,Pd,Re,Sc,Si,Sn,Ta,Ti,V,W,Y,Zn,Zr
27,Al0.25 Co1 Fe1 Ni1,FCC,CAST,7.9,158.0,20.0,0.0,0.077,0.0,0.0,0.0,0.308,0.0,0.0,0.308,0.0,0.0,0.0,0.0,0.0,0.0,0.0,0.0,0.308,0.0,0.0,0.0,0.0,0.0,0.0,0.0,0.0,0.0,0.0,0.0,0.0
27,Al0.5 Co1 Fe1 Ni1,FCC+BCC,CAST,7.4,346.0,46.75675675675676,0.0,0.143,0.0,0.0,0.0,0.286,0.0,0.0,0.286,0.0,0.0,0.0,0.0,0.0,0.0,0.0,0.0,0.286,0.0,0.0,0.0,0.0,0.0,0.0,0.0,0.0,0.0,0.0,0.0,0.0
27,Al0.75 Co1 Fe1 Ni1,FCC+BCC,CAST,7.0,794.0,113.42857142857143,0.0,0.2,0.0,0.0,0.0,0.267,0.0,0.0,0.267,0.0,0.0,0.0,0.0,0.0,0.0,0.0,0.0,0.267,0.0,0.0,0.0,0.0,0.0,0.0,0.0,0.0,0.0,0.0,0.0,0.0
27,Al1 Co1 Fe1 Ni1,BCC,CAST,6.6,964.0,146.06060606060606,0.0,0.25,0.0,0.0,0.0,0.25,0.0,0.0,0.25,0.0,0.0,0.0,0.0,0.0,0.0,0.0,0.0,0.25,0.0,0.0,0.0,0.0,0.0,0.0,0.0,0.0,0.0,0.0,0.0,0.0
27,Co1 Fe1 Ni1,FCC,CAST,8.5,204.0,24.0,0.0,0.0,0.0,0.0,0.0,0.333,0.0,0.0,0.333,0.0,0.0,0.0,0.0,0.0,0.0,0.0,0.0,0.333,0.0,0.0,0.0,0.0,0.0,0.0,0.0,0.0,0.0,0.0,0.0,0.0
27,Co1 Fe1 Ni1,FCC,CAST,8.5,209.0,24.58823529411765,0.0,0.0,0.0,0.0,0.0,0.333,0.0,0.0,0.333,0.0,0.0,0.0,0.0,0.0,0.0,0.0,0.0,0.333,0.0,0.0,0.0,0.0,0.0,0.0,0.0,0.0,0.0,0.0,0.0,0.0
27,Co1 Fe1 Ni1 Si0.25,FCC,CAST,7.7,196.0,25.454545454545453,0.0,0.0,0.0,0.0,0.0,0.308,0.0,0.0,0.308,0.0,0.0,0.0,0.0,0.0,0.0,0.0,0.0,0.308,0.0,0.0,0.0,0.077,0.0,0.0,0.0,0.0,0.0,0.0,0.0,0.0
27,Co1 Fe1 Ni1 Si0.5,FCC+Sec.,CAST,7.1,476.0,67.04225352112677,0.0,0.0,0.0,0.0,0.0,0.286,0.0,0.0,0.286,0.0,0.0,0.0,0.0,0.0,0.0,0.0,0.0,0.286,0.0,0.0,0.0,0.143,0.0,0.0,0.0,0.0,0.0,0.0,0.0,0.0
27,Co1 Fe1 Ni1 Si0.75,FCC+Sec.,CAST,6.6,1301.0,197.12121212121212,0.0,0.0,0.0,0.0,0.0,0.267,0.0,0.0,0.267,0.0,0.0,0.0,0.0,0.0,0.0,0.0,0.0,0.267,0.0,0.0,0.0,0.2,0.0,0.0,0.0,0.0,0.0,0.0,0.0,0.0
2,Al0.7 Co0.3 Cr1 Fe1 Ni1,FCC+BCC+B2,POWDER,6.8,2033.0,298.97058823529414,0.0,0.175,0.0,0.0,0.0,0.075,0.25,0.0,0.25,0.0,0.0,0.0,0.0,0.0,0.0,0.0,0.0,0.25,0.0,0.0,0.0,0.0,0.0,0.0,0.0,0.0,0.0,0.0,0.0,0.0
5,Al1 Co1 Cr1 Fe1 Ni1,BCC,CAST,6.7,1251.0,186.71641791044775,0.0,0.2,0.0,0.0,0.0,0.2,0.2,0.0,0.2,0.0,0.0,0.0,0.0,0.0,0.0,0.0,0.0,0.2,0.0,0.0,0.0,0.0,0.0,0.0,0.0,0.0,0.0,0.0,0.0,0.0
6,Al1 C0.1 Co1 Cr1 Fe1 Ni1,BCC+Sec.,CAST,6.7,957.0,142.83582089552237,0.0,0.196,0.0,0.02,0.0,0.196,0.196,0.0,0.196,0.0,0.0,0.0,0.0,0.0,0.0,0.0,0.0,0.196,0.0,0.0,0.0,0.0,0.0,0.0,0.0,0.0,0.0,0.0,0.0,0.0
6,Al1 C0.2 Co1 Cr1 Fe1 Ni1,BCC+Sec.,CAST,6.6,906.0,137.27272727272728,0.0,0.192,0.0,0.038,0.0,0.192,0.192,0.0,0.192,0.0,0.0,0.0,0.0,0.0,0.0,0.0,0.0,0.192,0.0,0.0,0.0,0.0,0.0,0.0,0.0,0.0,0.0,0.0,0.0,0.0
6,Al1 C0.3 Co1 Cr1 Fe1 Ni1,BCC+Sec.,CAST,6.5,867.0,133.3846153846154,0.0,0.189,0.0,0.057,0.0,0.189,0.189,0.0,0.189,0.0,0.0,0.0,0.0,0.0,0.0,0.0,0.0,0.189,0.0,0.0,0.0,0.0,0.0,0.0,0.0,0.0,0.0,0.0,0.0,0.0
6,Al1 C0.4 Co1 Cr1 Fe1 Ni1,BCC+Sec.,CAST,6.5,1056.0,162.46153846153845,0.0,0.185,0.0,0.074,0.0,0.185,0.185,0.0,0.185,0.0,0.0,0.0,0.0,0.0,0.0,0.0,0.0,0.185,0.0,0.0,0.0,0.0,0.0,0.0,0.0,0.0,0.0,0.0,0.0,0.0
6,Al1 C0.5 Co1 Cr1 Fe1 Ni1,BCC+Sec.,CAST,6.4,1060.0,165.625,0.0,0.182,0.0,0.091,0.0,0.182,0.182,0.0,0.182,0.0,0.0,0.0,0.0,0.0,0.0,0.0,0.0,0.182,0.0,0.0,0.0,0.0,0.0,0.0,0.0,0.0,0.0,0.0,0.0,0.0
6,Al0.667 C1 Co0.667 Cr0.667 Fe0.667 Ni0.667,BCC+Sec.,CAST,5.9,1255.0,212.71186440677965,0.0,0.154,0.0,0.231,0.0,0.154,0.154,0.0,0.154,0.0,0.0,0.0,0.0,0.0,0.0,0.0,0.0,0.154,0.0,0.0,0.0,0.0,0.0,0.0,0.0,0.0,0.0,0.0,0.0,0.0
6,Al1 C1 Co1 Cr1 Fe1 Ni1,BCC+Sec.,CAST,6.2,1251.0,201.7741935483871,0.0,0.167,0.0,0.167,0.0,0.167,0.167,0.0,0.167,0.0,0.0,0.0,0.0,0.0,0.0,0.0,0.0,0.167,0.0,0.0,0.0,0.0,0.0,0.0,0.0,0.0,0.0,0.0,0.0,0.0
6,Al1 Co1 Cr1 Fe1 Ni1,BCC,CAST,6.7,1138.0,169.8507462686567,0.0,0.2,0.0,0.0,0.0,0.2,0.2,0.0,0.2,0.0,0.0,0.0,0.0,0.0,0.0,0.0,0.0,0.2,0.0,0.0,0.0,0.0,0.0,0.0,0.0,0.0,0.0,0.0,0.0,0.0
7,Al1 Co1 Cr1 Fe1 Mo0.1 Ni1,BCC,CAST,6.8,1804.0,265.29411764705884,0.0,0.196,0.0,0.0,0.0,0.196,0.196,0.0,0.196,0.0,0.0,0.0,0.0,0.0,0.02,0.0,0.0,0.196,0.0,0.0,0.0,0.0,0.0,0.0,0.0,0.0,0.0,0.0,0.0,0.0
7,Al1 Co1 Cr1 Fe1 Mo0.2 Ni1,BCC+Sec.,CAST,6.9,2456.0,355.94202898550725,0.0,0.192,0.0,0.0,0.0,0.192,0.192,0.0,0.192,0.0,0.0,0.0,0.0,0.0,0.038,0.0,0.0,0.192,0.0,0.0,0.0,0.0,0.0,0.0,0.0,0.0,0.0,0.0,0.0,0.0
7,Al1 Co1 Cr1 Fe1 Mo0.3 Ni1,BCC+Sec.,CAST,7.0,2649.0,378.42857142857144,0.0,0.189,0.0,0.0,0.0,0.189,0.189,0.0,0.189,0.0,0.0,0.0,0.0,0.0,0.057,0.0,0.0,0.189,0.0,0.0,0.0,0.0,0.0,0.0,0.0,0.0,0.0,0.0,0.0,0.0
7,Al1 Co1 Cr1 Fe1 Mo0.4 Ni1,BCC+Sec.,CAST,7.0,2670.0,381.42857142857144,0.0,0.185,0.0,0.0,0.0,0.185,0.185,0.0,0.185,0.0,0.0,0.0,0.0,0.0,0.074,0.0,0.0,0.185,0.0,0.0,0.0,0.0,0.0,0.0,0.0,0.0,0.0,0.0,0.0,0.0
7,Al1 Co1 Cr1 Fe1 Mo0.5 Ni1,BCC+Sec.,CAST,7.1,2757.0,388.3098591549296,0.0,0.182,0.0,0.0,0.0,0.182,0.182,0.0,0.182,0.0,0.0,0.0,0.0,0.0,0.091,0.0,0.0,0.182,0.0,0.0,0.0,0.0,0.0,0.0,0.0,0.0,0.0,0.0,0.0,0.0
7,Al1 Co1 Cr1 Fe1 Ni1,BCC,CAST,6.7,1051.0,156.86567164179104,0.0,0.2,0.0,0.0,0.0,0.2,0.2,0.0,0.2,0.0,0.0,0.0,0.0,0.0,0.0,0.0,0.0,0.2,0.0,0.0,0.0,0.0,0.0,0.0,0.0,0.0,0.0,0.0,0.0,0.0
8,Al1 Co1 Cr1 Fe1 Nb0.1 Ni1,BCC,CAST,6.8,1641.0,241.32352941176472,0.0,0.196,0.0,0.0,0.0,0.196,0.196,0.0,0.196,0.0,0.0,0.0,0.0,0.0,0.0,0.02,0.0,0.196,0.0,0.0,0.0,0.0,0.0,0.0,0.0,0.0,0.0,0.0,0.0,0.0
8,Al1 Co1 Cr1 Fe1 Nb0.25 Ni1,BCC+Sec.,CAST,6.8,1959.0,288.0882352941177,0.0,0.19,0.0,0.0,0.0,0.19,0.19,0.0,0.19,0.0,0.0,0.0,0.0,0.0,0.0,0.048,0.0,0.19,0.0,0.0,0.0,0.0,0.0,0.0,0.0,0.0,0.0,0.0,0.0,0.0
8,Al1 Co1 Cr1 Fe1 Nb0.5 Ni1,BCC+Sec.,CAST,7.0,2473.0,353.2857142857143,0.0,0.182,0.0,0.0,0.0,0.182,0.182,0.0,0.182,0.0,0.0,0.0,0.0,0.0,0.0,0.091,0.0,0.182,0.0,0.0,0.0,0.0,0.0,0.0,0.0,0.0,0.0,0.0,0.0,0.0
8,Al1 Co1 Cr1 Fe1 Ni1,BCC,CAST,6.7,1373.0,204.92537313432834,0.0,0.2,0.0,0.0,0.0,0.2,0.2,0.0,0.2,0.0,0.0,0.0,0.0,0.0,0.0,0.0,0.0,0.2,0.0,0.0,0.0,0.0,0.0,0.0,0.0,0.0,0.0,0.0,0.0,0.0
12,Al1 Co1 Cr1 Fe1 Ni1,BCC,CAST,6.7,1110.0,165.67164179104478,0.0,0.2,0.0,0.0,0.0,0.2,0.2,0.0,0.2,0.0,0.0,0.0,0.0,0.0,0.0,0.0,0.0,0.2,0.0,0.0,0.0,0.0,0.0,0.0,0.0,0.0,0.0,0.0,0.0,0.0
12,Al1 Co1 Cr1 Fe1 Ni1 Si1,BCC+Sec.,CAST,5.7,2411.0,422.98245614035085,0.0,0.167,0.0,0.0,0.0,0.167,0.167,0.0,0.167,0.0,0.0,0.0,0.0,0.0,0.0,0.0,0.0,0.167,0.0,0.0,0.0,0.167,0.0,0.0,0.0,0.0,0.0,0.0,0.0,0.0
12,Al1 Co1 Cr1 Fe1 Ni1 Si0.2,BCC,CAST,6.5,1265.0,194.6153846153846,0.0,0.192,0.0,0.0,0.0,0.192,0.192,0.0,0.192,0.0,0.0,0.0,0.0,0.0,0.0,0.0,0.0,0.192,0.0,0.0,0.0,0.038,0.0,0.0,0.0,0.0,0.0,0.0,0.0,0.0
12,Al1 Co1 Cr1 Fe1 Ni1 Si0.4,BCC,CAST,6.2,1481.0,238.8709677419355,0.0,0.185,0.0,0.0,0.0,0.185,0.185,0.0,0.185,0.0,0.0,0.0,0.0,0.0,0.0,0.0,0.0,0.185,0.0,0.0,0.0,0.074,0.0,0.0,0.0,0.0,0.0,0.0,0.0,0.0
12,Al1 Co1 Cr1 Fe1 Ni1 Si0.6,BCC,CAST,6.0,1834.0,305.6666666666667,0.0,0.179,0.0,0.0,0.0,0.179,0.179,0.0,0.179,0.0,0.0,0.0,0.0,0.0,0.0,0.0,0.0,0.179,0.0,0.0,0.0,0.107,0.0,0.0,0.0,0.0,0.0,0.0,0.0,0.0
12,Al1 Co1 Cr1 Fe1 Ni1 Si0.8,BCC+Sec.,CAST,5.8,2179.0,375.6896551724138,0.0,0.172,0.0,0.0,0.0,0.172,0.172,0.0,0.172,0.0,0.0,0.0,0.0,0.0,0.0,0.0,0.0,0.172,0.0,0.0,0.0,0.138,0.0,0.0,0.0,0.0,0.0,0.0,0.0,0.0
13,Al0.25 Co1 Cr1 Cu0.75 Fe1 Ni1 Ti0.5,FCC,CAST,7.5,750.0,100.0,0.0,0.045,0.0,0.0,0.0,0.182,0.182,0.136,0.182,0.0,0.0,0.0,0.0,0.0,0.0,0.0,0.0,0.182,0.0,0.0,0.0,0.0,0.0,0.0,0.091,0.0,0.0,0.0,0.0,0.0
13,Al0.5 Co1 Cr1 Cu0.5 Fe1 Ni1 Ti0.5,FCC+BCC,CAST,7.1,1580.0,222.53521126760563,0.0,0.091,0.0,0.0,0.0,0.182,0.182,0.091,0.182,0.0,0.0,0.0,0.0,0.0,0.0,0.0,0.0,0.182,0.0,0.0,0.0,0.0,0.0,0.0,0.091,0.0,0.0,0.0,0.0,0.0
13,Al0.75 Co1 Cr1 Cu0.25 Fe1 Ni1 Ti0.5,FCC+BCC,CAST,6.8,1900.0,279.4117647058824,0.0,0.136,0.0,0.0,0.0,0.182,0.182,0.045,0.182,0.0,0.0,0.0,0.0,0.0,0.0,0.0,0.0,0.182,0.0,0.0,0.0,0.0,0.0,0.0,0.091,0.0,0.0,0.0,0.0,0.0
13,Co1 Cr1 Cu1 Fe1 Ni1 Ti0.5,FCC,CAST,7.8,700.0,89.74358974358975,0.0,0.0,0.0,0.0,0.0,0.182,0.182,0.182,0.182,0.0,0.0,0.0,0.0,0.0,0.0,0.0,0.0,0.182,0.0,0.0,0.0,0.0,0.0,0.0,0.091,0.0,0.0,0.0,0.0,0.0
14,Al1 Co1 Cr1 Fe1 Ni1 Ti1,BCC+BCC,CAST,6.2,1860.0,300.0,0.0,0.167,0.0,0.0,0.0,0.167,0.167,0.0,0.167,0.0,0.0,0.0,0.0,0.0,0.0,0.0,0.0,0.167,0.0,0.0,0.0,0.0,0.0,0.0,0.167,0.0,0.0,0.0,0.0,0.0
14,Al1 Co1 Cr1 Fe1 Ni1 Ti0.5,BCC+BCC,CAST,6.4,2260.0,353.125,0.0,0.182,0.0,0.0,0.0,0.182,0.182,0.0,0.182,0.0,0.0,0.0,0.0,0.0,0.0,0.0,0.0,0.182,0.0,0.0,0.0,0.0,0.0,0.0,0.091,0.0,0.0,0.0,0.0,0.0
14,Al0.667 Co0.667 Cr0.667 Fe0.667 Ni0.667 Ti1,BCC+Sec.,CAST,6.1,2220.0,363.93442622950823,0.0,0.154,0.0,0.0,0.0,0.154,0.154,0.0,0.154,0.0,0.0,0.0,0.0,0.0,0.0,0.0,0.0,0.154,0.0,0.0,0.0,0.0,0.0,0.0,0.231,0.0,0.0,0.0,0.0,0.0
17,Co1 Cr1 Fe1 Mn1 Ni1,FCC,ANNEAL,8.0,230.0,28.75,0.0,0.0,0.0,0.0,0.0,0.2,0.2,0.0,0.2,0.0,0.0,0.0,0.0,0.2,0.0,0.0,0.0,0.2,0.0,0.0,0.0,0.0,0.0,0.0,0.0,0.0,0.0,0.0,0.0,0.0
17,Co1 Cr1 Fe1 Mn1 Ni1 V0.25,FCC+Sec.,ANNEAL,7.9,200.0,25.31645569620253,0.0,0.0,0.0,0.0,0.0,0.19,0.19,0.0,0.19,0.0,0.0,0.0,0.0,0.19,0.0,0.0,0.0,0.19,0.0,0.0,0.0,0.0,0.0,0.0,0.0,0.048,0.0,0.0,0.0,0.0
17,Co1 Cr1 Fe1 Mn1 Ni1 V0.5,FCC,ANNEAL,7.8,620.0,79.48717948717949,0.0,0.0,0.0,0.0,0.0,0.182,0.182,0.0,0.182,0.0,0.0,0.0,0.0,0.182,0.0,0.0,0.0,0.182,0.0,0.0,0.0,0.0,0.0,0.0,0.0,0.091,0.0,0.0,0.0,0.0
17,Co1 Cr1 Fe1 Mn1 Ni1 V0.75,FCC+Sec.,ANNEAL,7.7,740.0,96.1038961038961,0.0,0.0,0.0,0.0,0.0,0.174,0.174,0.0,0.174,0.0,0.0,0.0,0.0,0.174,0.0,0.0,0.0,0.174,0.0,0.0,0.0,0.0,0.0,0.0,0.0,0.13,0.0,0.0,0.0,0.0
17,Co1 Cr1 Fe1 Mn1 Ni1 V1,FCC+Sec.,ANNEAL,7.7,1660.0,215.58441558441558,0.0,0.0,0.0,0.0,0.0,0.167,0.167,0.0,0.167,0.0,0.0,0.0,0.0,0.167,0.0,0.0,0.0,0.167,0.0,0.0,0.0,0.0,0.0,0.0,0.0,0.167,0.0,0.0,0.0,0.0
19,Al1 Cr1 Fe1 Ni1,BCC+B2,CAST,6.3,1406.0,223.1746031746032,0.0,0.25,0.0,0.0,0.0,0.0,0.25,0.0,0.25,0.0,0.0,0.0,0.0,0.0,0.0,0.0,0.0,0.25,0.0,0.0,0.0,0.0,0.0,0.0,0.0,0.0,0.0,0.0,0.0,0.0
19,Al1 Cr1 Fe1 Mo0.2 Ni1,BCC+B2,CAST,6.5,1487.0,228.76923076923077,0.0,0.238,0.0,0.0,0.0,0.0,0.238,0.0,0.238,0.0,0.0,0.0,0.0,0.0,0.048,0.0,0.0,0.238,0.0,0.0,0.0,0.0,0.0,0.0,0.0,0.0,0.0,0.0,0.0,0.0
19,Al1 Cr1 Fe1 Mo0.5 Ni1,BCC+B2,CAST,6.8,1749.0,257.20588235294116,0.0,0.222,0.0,0.0,0.0,0.0,0.222,0.0,0.222,0.0,0.0,0.0,0.0,0.0,0.111,0.0,0.0,0.222,0.0,0.0,0.0,0.0,0.0,0.0,0.0,0.0,0.0,0.0,0.0,0.0
19,Al1 Cr1 Fe1 Mo0.8 Ni1,B2+Sec.,CAST,7.0,1513.0,216.14285714285714,0.0,0.208,0.0,0.0,0.0,0.0,0.208,0.0,0.208,0.0,0.0,0.0,0.0,0.0,0.167,0.0,0.0,0.208,0.0,0.0,0.0,0.0,0.0,0.0,0.0,0.0,0.0,0.0,0.0,0.0
22,Co1 Cr1 Cu1 Fe1 Ni1 Ti1,FCC,CAST,7.4,1272.0,171.89189189189187,0.0,0.0,0.0,0.0,0.0,0.167,0.167,0.167,0.167,0.0,0.0,0.0,0.0,0.0,0.0,0.0,0.0,0.167,0.0,0.0,0.0,0.0,0.0,0.0,0.167,0.0,0.0,0.0,0.0,0.0
22,Co1 Cr1 Cu1 Fe1 Ni1 Ti0.5,FCC,CAST,7.8,700.0,89.74358974358975,0.0,0.0,0.0,0.0,0.0,0.182,0.182,0.182,0.182,0.0,0.0,0.0,0.0,0.0,0.0,0.0,0.0,0.182,0.0,0.0,0.0,0.0,0.0,0.0,0.091,0.0,0.0,0.0,0.0,0.0
22,Co1 Cr1 Cu1 Fe1 Ni1 Ti0.8,FCC+Sec.,CAST,7.6,1042.0,137.10526315789474,0.0,0.0,0.0,0.0,0.0,0.172,0.172,0.172,0.172,0.0,0.0,0.0,0.0,0.0,0.0,0.0,0.0,0.172,0.0,0.0,0.0,0.0,0.0,0.0,0.138,0.0,0.0,0.0,0.0,0.0
28,Al1 Co1 Cr1 Cu1 Fe1 Mn1 Ni1,FCC+BCC+Sec.,CAST,7.1,1005.0,141.5492957746479,0.0,0.143,0.0,0.0,0.0,0.143,0.143,0.143,0.143,0.0,0.0,0.0,0.0,0.143,0.0,0.0,0.0,0.143,0.0,0.0,0.0,0.0,0.0,0.0,0.0,0.0,0.0,0.0,0.0,0.0
28,Al1 Co1 Cr1 Cu1 Fe1 Ni1,FCC+BCC,CAST,7.1,1303.0,183.5211267605634,0.0,0.167,0.0,0.0,0.0,0.167,0.167,0.167,0.167,0.0,0.0,0.0,0.0,0.0,0.0,0.0,0.0,0.167,0.0,0.0,0.0,0.0,0.0,0.0,0.0,0.0,0.0,0.0,0.0,0.0
28,Al1 Co1 Cr1 Cu1 Fe1 Ni1 Ti1,FCC+BCC+BCC,CAST,6.6,1234.0,186.96969696969697,0.0,0.143,0.0,0.0,0.0,0.143,0.143,0.143,0.143,0.0,0.0,0.0,0.0,0.0,0.0,0.0,0.0,0.143,0.0,0.0,0.0,0.0,0.0,0.0,0.143,0.0,0.0,0.0,0.0,0.0
28,Al1 Co1 Cr1 Cu1 Fe1 Ni1 V1,FCC+BCC,CAST,6.9,1469.0,212.89855072463766,0.0,0.143,0.0,0.0,0.0,0.143,0.143,0.143,0.143,0.0,0.0,0.0,0.0,0.0,0.0,0.0,0.0,0.143,0.0,0.0,0.0,0.0,0.0,0.0,0.0,0.143,0.0,0.0,0.0,0.0
35,Al1 Cu0.889 Fe0.667 Ni0.889 Ti1,FCC,CAST,5.9,980.0,166.10169491525423,0.0,0.225,0.0,0.0,0.0,0.0,0.0,0.2,0.15,0.0,0.0,0.0,0.0,0.0,0.0,0.0,0.0,0.2,0.0,0.0,0.0,0.0,0.0,0.0,0.225,0.0,0.0,0.0,0.0,0.0
35,Al1 Cu1 Fe1 Ni1 Ti1,FCC,CAST,6.1,1074.0,176.06557377049182,0.0,0.2,0.0,0.0,0.0,0.0,0.0,0.2,0.2,0.0,0.0,0.0,0.0,0.0,0.0,0.0,0.0,0.2,0.0,0.0,0.0,0.0,0.0,0.0,0.2,0.0,0.0,0.0,0.0,0.0
35,Al1 Cu1 Ni1 Ti1,FCC,CAST,5.7,300.0,52.63157894736842,0.0,0.25,0.0,0.0,0.0,0.0,0.0,0.25,0.0,0.0,0.0,0.0,0.0,0.0,0.0,0.0,0.0,0.25,0.0,0.0,0.0,0.0,0.0,0.0,0.25,0.0,0.0,0.0,0.0,0.0
36,Al1 Cu0.062 Li0.062 Mg0.062 Zn0.062,FCC+Sec.,CAST,2.9,488.0,168.27586206896552,0.0,0.801,0.0,0.0,0.0,0.0,0.0,0.05,0.0,0.0,0.0,0.05,0.05,0.0,0.0,0.0,0.0,0.0,0.0,0.0,0.0,0.0,0.0,0.0,0.0,0.0,0.0,0.0,0.05,0.0
36,Al1 Li0.062 Mg0.062 Sn0.062 Zn0.062,FCC+Sec.,CAST,3.0,415.0,138.33333333333334,0.0,0.801,0.0,0.0,0.0,0.0,0.0,0.0,0.0,0.0,0.0,0.05,0.05,0.0,0.0,0.0,0.0,0.0,0.0,0.0,0.0,0.0,0.05,0.0,0.0,0.0,0.0,0.0,0.05,0.0
36,Al1 Li0.5 Mg1 Sn0.2 Zn0.5,FCC+Sec.,CAST,2.9,546.0,188.27586206896552,0.0,0.312,0.0,0.0,0.0,0.0,0.0,0.0,0.0,0.0,0.0,0.156,0.312,0.0,0.0,0.0,0.0,0.0,0.0,0.0,0.0,0.0,0.062,0.0,0.0,0.0,0.0,0.0,0.156,0.0
36,Al1 Li1 Mg1 Sn1 Zn1,FCC+HCP+Sec.,CAST,3.9,600.0,153.84615384615384,0.0,0.2,0.0,0.0,0.0,0.0,0.0,0.0,0.0,0.0,0.0,0.2,0.2,0.0,0.0,0.0,0.0,0.0,0.0,0.0,0.0,0.0,0.2,0.0,0.0,0.0,0.0,0.0,0.2,0.0
39,Al0.214 Nb0.714 Ta0.571 Ti1 V0.143 Zr0.929,BCC,OTHER,7.7,1965.0,255.19480519480518,0.0,0.06,0.0,0.0,0.0,0.0,0.0,0.0,0.0,0.0,0.0,0.0,0.0,0.0,0.0,0.2,0.0,0.0,0.0,0.0,0.0,0.0,0.0,0.16,0.28,0.04,0.0,0.0,0.0,0.26
39,Al0.214 Nb0.714 Ta0.714 Ti1 Zr0.929,BCC,OTHER,8.1,1965.0,242.5925925925926,0.0,0.06,0.0,0.0,0.0,0.0,0.0,0.0,0.0,0.0,0.0,0.0,0.0,0.0,0.0,0.2,0.0,0.0,0.0,0.0,0.0,0.0,0.0,0.2,0.28,0.0,0.0,0.0,0.0,0.26
39,Al0.4 Hf0.6 Nb1 Ta1 Ti1 Zr1,BCC,OTHER,9.1,1841.0,202.30769230769232,0.0,0.08,0.0,0.0,0.0,0.0,0.0,0.0,0.0,0.0,0.12,0.0,0.0,0.0,0.0,0.2,0.0,0.0,0.0,0.0,0.0,0.0,0.0,0.2,0.2,0.0,0.0,0.0,0.0,0.2
39,Al0.333 Nb0.667 Ta0.533 Ti1 V0.133 Zr0.667,BCC,OTHER,7.6,2035.0,267.7631578947369,0.0,0.1,0.0,0.0,0.0,0.0,0.0,0.0,0.0,0.0,0.0,0.0,0.0,0.0,0.0,0.2,0.0,0.0,0.0,0.0,0.0,0.0,0.0,0.16,0.3,0.04,0.0,0.0,0.0,0.2
39,Al1 Mo0.5 Nb1 Ta0.5 Ti1 Zr1,BCC+B2,OTHER,7.1,2000.0,281.69014084507046,0.0,0.2,0.0,0.0,0.0,0.0,0.0,0.0,0.0,0.0,0.0,0.0,0.0,0.0,0.1,0.2,0.0,0.0,0.0,0.0,0.0,0.0,0.0,0.1,0.2,0.0,0.0,0.0,0.0,0.2
39,Al0.667 Nb1 Ta0.333 Ti1 Zr0.333,BCC,OTHER,6.8,1280.0,188.23529411764707,0.0,0.2,0.0,0.0,0.0,0.0,0.0,0.0,0.0,0.0,0.0,0.0,0.0,0.0,0.0,0.3,0.0,0.0,0.0,0.0,0.0,0.0,0.0,0.1,0.3,0.0,0.0,0.0,0.0,0.1
40,Al0.3 Hf1 Nb1 Ta1 Ti1 Zr1,BCC,CAST,9.5,1188.0,125.05263157894737,0.0,0.057,0.0,0.0,0.0,0.0,0.0,0.0,0.0,0.0,0.189,0.0,0.0,0.0,0.0,0.189,0.0,0.0,0.0,0.0,0.0,0.0,0.0,0.189,0.189,0.0,0.0,0.0,0.0,0.189
40,Al0.5 Hf1 Nb1 Ta1 Ti1 Zr1,BCC,CAST,9.3,1302.0,140.0,0.0,0.091,0.0,0.0,0.0,0.0,0.0,0.0,0.0,0.0,0.182,0.0,0.0,0.0,0.0,0.182,0.0,0.0,0.0,0.0,0.0,0.0,0.0,0.182,0.182,0.0,0.0,0.0,0.0,0.182
40,Al0.75 Hf1 Nb1 Ta1 Ti1 Zr1,BCC,CAST,9.1,1415.0,155.4945054945055,0.0,0.13,0.0,0.0,0.0,0.0,0.0,0.0,0.0,0.0,0.174,0.0,0.0,0.0,0.0,0.174,0.0,0.0,0.0,0.0,0.0,0.0,0.0,0.174,0.174,0.0,0.0,0.0,0.0,0.174
40,Al1 Hf1 Nb1 Ta1 Ti1 Zr1,BCC+Sec.,CAST,8.9,1489.0,167.30337078651684,0.0,0.167,0.0,0.0,0.0,0.0,0.0,0.0,0.0,0.0,0.167,0.0,0.0,0.0,0.0,0.167,0.0,0.0,0.0,0.0,0.0,0.0,0.0,0.167,0.167,0.0,0.0,0.0,0.0,0.167
40,Hf1 Nb1 Ta1 Ti1 Zr1,BCC,CAST,9.9,1073.0,108.38383838383838,0.0,0.0,0.0,0.0,0.0,0.0,0.0,0.0,0.0,0.0,0.2,0.0,0.0,0.0,0.0,0.2,0.0,0.0,0.0,0.0,0.0,0.0,0.0,0.2,0.2,0.0,0.0,0.0,0.0,0.2
41,Al0.25 Mo1 Nb1 Ti1 V1,BCC,CAST,7.1,1250.0,176.05633802816902,0.0,0.059,0.0,0.0,0.0,0.0,0.0,0.0,0.0,0.0,0.0,0.0,0.0,0.0,0.235,0.235,0.0,0.0,0.0,0.0,0.0,0.0,0.0,0.0,0.235,0.235,0.0,0.0,0.0,0.0
41,Al0.5 Mo1 Nb1 Ti1 V1,BCC,CAST,6.8,1625.0,238.97058823529412,0.0,0.111,0.0,0.0,0.0,0.0,0.0,0.0,0.0,0.0,0.0,0.0,0.0,0.0,0.222,0.222,0.0,0.0,0.0,0.0,0.0,0.0,0.0,0.0,0.222,0.222,0.0,0.0,0.0,0.0
41,Al0.75 Mo1 Nb1 Ti1 V1,BCC,CAST,6.6,1260.0,190.9090909090909,0.0,0.158,0.0,0.0,0.0,0.0,0.0,0.0,0.0,0.0,0.0,0.0,0.0,0.0,0.211,0.211,0.0,0.0,0.0,0.0,0.0,0.0,0.0,0.0,0.211,0.211,0.0,0.0,0.0,0.0
41,Al1 Mo1 Nb1 Ti1 V1,BCC,CAST,6.4,1375.0,214.84375,0.0,0.2,0.0,0.0,0.0,0.0,0.0,0.0,0.0,0.0,0.0,0.0,0.0,0.0,0.2,0.2,0.0,0.0,0.0,0.0,0.0,0.0,0.0,0.0,0.2,0.2,0.0,0.0,0.0,0.0
41,Mo1 Nb1 Ti1 V1,BCC,CAST,7.3,1200.0,164.38356164383563,0.0,0.0,0.0,0.0,0.0,0.0,0.0,0.0,0.0,0.0,0.0,0.0,0.0,0.0,0.25,0.25,0.0,0.0,0.0,0.0,0.0,0.0,0.0,0.0,0.25,0.25,0.0,0.0,0.0,0.0
42,Al0.25 Nb1 Ta1 Ti1 V1,BCC,CAST,8.8,1330.0,151.13636363636363,0.0,0.059,0.0,0.0,0.0,0.0,0.0,0.0,0.0,0.0,0.0,0.0,0.0,0.0,0.0,0.235,0.0,0.0,0.0,0.0,0.0,0.0,0.0,0.235,0.235,0.235,0.0,0.0,0.0,0.0
42,Al0.5 Nb1 Ta1 Ti1 V1,BCC,CAST,8.5,1014.0,119.29411764705883,0.0,0.111,0.0,0.0,0.0,0.0,0.0,0.0,0.0,0.0,0.0,0.0,0.0,0.0,0.0,0.222,0.0,0.0,0.0,0.0,0.0,0.0,0.0,0.222,0.222,0.222,0.0,0.0,0.0,0.0
42,Al1 Nb1 Ta1 Ti1 V1,BCC,CAST,7.9,993.0,125.69620253164557,0.0,0.2,0.0,0.0,0.0,0.0,0.0,0.0,0.0,0.0,0.0,0.0,0.0,0.0,0.0,0.2,0.0,0.0,0.0,0.0,0.0,0.0,0.0,0.2,0.2,0.2,0.0,0.0,0.0,0.0
42,Nb1 Ta1 Ti1 V1,BCC,CAST,9.2,1092.0,118.69565217391305,0.0,0.0,0.0,0.0,0.0,0.0,0.0,0.0,0.0,0.0,0.0,0.0,0.0,0.0,0.0,0.25,0.0,0.0,0.0,0.0,0.0,0.0,0.0,0.25,0.25,0.25,0.0,0.0,0.0,0.0
43,Al1 Nb1 Ti1 V1,BCC,ANNEAL,5.5,1020.0,185.45454545454547,0.0,0.25,0.0,0.0,0.0,0.0,0.0,0.0,0.0,0.0,0.0,0.0,0.0,0.0,0.0,0.25,0.0,0.0,0.0,0.0,0.0,0.0,0.0,0.0,0.25,0.25,0.0,0.0,0.0,0.0
44,Cr1 Mo0.5 Nb1 Ta0.5 Ti1 Zr1,BCC+BCC+Sec.,OTHER,8.0,1595.0,199.375,0.0,0.0,0.0,0.0,0.0,0.0,0.2,0.0,0.0,0.0,0.0,0.0,0.0,0.0,0.1,0.2,0.0,0.0,0.0,0.0,0.0,0.0,0.0,0.1,0.2,0.0,0.0,0.0,0.0,0.2
45,Cr1 Nb1 Ti1 V1 Zr1,BCC+Sec.,OTHER,6.6,1298.0,196.66666666666669,0.0,0.0,0.0,0.0,0.0,0.0,0.2,0.0,0.0,0.0,0.0,0.0,0.0,0.0,0.0,0.2,0.0,0.0,0.0,0.0,0.0,0.0,0.0,0.0,0.2,0.2,0.0,0.0,0.0,0.2
45,Cr1 Nb1 Ti1 Zr1,BCC+Sec.,OTHER,6.6,1260.0,190.9090909090909,0.0,0.0,0.0,0.0,0.0,0.0,0.25,0.0,0.0,0.0,0.0,0.0,0.0,0.0,0.0,0.25,0.0,0.0,0.0,0.0,0.0,0.0,0.0,0.0,0.25,0.0,0.0,0.0,0.0,0.25
45,Nb0.5 Ti0.5 V1 Zr0.5,BCC,OTHER,6.4,918.0,143.4375,0.0,0.0,0.0,0.0,0.0,0.0,0.0,0.0,0.0,0.0,0.0,0.0,0.0,0.0,0.0,0.2,0.0,0.0,0.0,0.0,0.0,0.0,0.0,0.0,0.2,0.4,0.0,0.0,0.0,0.2
45,Nb1 Ti1 V1 Zr1,BCC,OTHER,6.5,1105.0,170.0,0.0,0.0,0.0,0.0,0.0,0.0,0.0,0.0,0.0,0.0,0.0,0.0,0.0,0.0,0.0,0.25,0.0,0.0,0.0,0.0,0.0,0.0,0.0,0.0,0.25,0.25,0.0,0.0,0.0,0.25
47,Hf0.5 Mo0.5 Nb1 Ti1 Zr1,BCC,CAST,7.9,1176.0,148.86075949367088,0.0,0.0,0.0,0.0,0.0,0.0,0.0,0.0,0.0,0.0,0.125,0.0,0.0,0.0,0.125,0.25,0.0,0.0,0.0,0.0,0.0,0.0,0.0,0.0,0.25,0.0,0.0,0.0,0.0,0.25
47,C0.1 Hf0.5 Mo0.5 Nb1 Ti1 Zr1,BCC+Sec.,CAST,7.8,1183.0,151.66666666666666,0.0,0.0,0.0,0.024,0.0,0.0,0.0,0.0,0.0,0.0,0.122,0.0,0.0,0.0,0.122,0.244,0.0,0.0,0.0,0.0,0.0,0.0,0.0,0.0,0.244,0.0,0.0,0.0,0.0,0.244
47,C0.3 Hf0.5 Mo0.5 Nb1 Ti1 Zr1,BCC+Sec.,CAST,7.7,1201.0,155.97402597402598,0.0,0.0,0.0,0.07,0.0,0.0,0.0,0.0,0.0,0.0,0.116,0.0,0.0,0.0,0.116,0.233,0.0,0.0,0.0,0.0,0.0,0.0,0.0,0.0,0.233,0.0,0.0,0.0,0.0,0.233
48,Hf1 Mo0.25 Nb1 Ta1 Ti1 Zr1,BCC,CAST,9.9,1112.0,112.32323232323232,0.0,0.0,0.0,0.0,0.0,0.0,0.0,0.0,0.0,0.0,0.19,0.0,0.0,0.0,0.048,0.19,0.0,0.0,0.0,0.0,0.0,0.0,0.0,0.19,0.19,0.0,0.0,0.0,0.0,0.19
48,Hf1 Mo0.5 Nb1 Ta1 Ti1 Zr1,BCC,CAST,9.9,1317.0,133.03030303030303,0.0,0.0,0.0,0.0,0.0,0.0,0.0,0.0,0.0,0.0,0.182,0.0,0.0,0.0,0.091,0.182,0.0,0.0,0.0,0.0,0.0,0.0,0.0,0.182,0.182,0.0,0.0,0.0,0.0,0.182
48,Hf1 Mo0.75 Nb1 Ta1 Ti1 Zr1,BCC,CAST,9.9,1373.0,138.68686868686868,0.0,0.0,0.0,0.0,0.0,0.0,0.0,0.0,0.0,0.0,0.174,0.0,0.0,0.0,0.13,0.174,0.0,0.0,0.0,0.0,0.0,0.0,0.0,0.174,0.174,0.0,0.0,0.0,0.0,0.174
48,Hf1 Mo1 Nb1 Ta1 Ti1 Zr1,BCC,CAST,9.9,1512.0,152.72727272727272,0.0,0.0,0.0,0.0,0.0,0.0,0.0,0.0,0.0,0.0,0.167,0.0,0.0,0.0,0.167,0.167,0.0,0.0,0.0,0.0,0.0,0.0,0.0,0.167,0.167,0.0,0.0,0.0,0.0,0.167
48,Hf1 Nb1 Ta1 Ti1 Zr1,BCC,CAST,9.9,1015.0,102.52525252525253,0.0,0.0,0.0,0.0,0.0,0.0,0.0,0.0,0.0,0.0,0.2,0.0,0.0,0.0,0.0,0.2,0.0,0.0,0.0,0.0,0.0,0.0,0.0,0.2,0.2,0.0,0.0,0.0,0.0,0.2
49,Hf1 Mo1 Nb1 Ta1 Ti1 Zr1,BCC,CAST,9.9,1512.0,152.72727272727272,0.0,0.0,0.0,0.0,0.0,0.0,0.0,0.0,0.0,0.0,0.167,0.0,0.0,0.0,0.167,0.167,0.0,0.0,0.0,0.0,0.0,0.0,0.0,0.167,0.167,0.0,0.0,0.0,0.0,0.167
49,Hf1 Mo1 Ta1 Ti1 Zr1,BCC,CAST,10.2,1600.0,156.86274509803923,0.0,0.0,0.0,0.0,0.0,0.0,0.0,0.0,0.0,0.0,0.2,0.0,0.0,0.0,0.2,0.0,0.0,0.0,0.0,0.0,0.0,0.0,0.0,0.2,0.2,0.0,0.0,0.0,0.0,0.2
50,Hf1 Mo1 Nb1 Ti1 Zr1,BCC,ANNEAL,8.7,1575.0,181.0344827586207,0.0,0.0,0.0,0.0,0.0,0.0,0.0,0.0,0.0,0.0,0.2,0.0,0.0,0.0,0.2,0.2,0.0,0.0,0.0,0.0,0.0,0.0,0.0,0.0,0.2,0.0,0.0,0.0,0.0,0.2
50,Hf1 Mo1 Nb1 Ti1 Zr1,BCC,CAST,8.7,1719.0,197.58620689655174,0.0,0.0,0.0,0.0,0.0,0.0,0.0,0.0,0.0,0.0,0.2,0.0,0.0,0.0,0.2,0.2,0.0,0.0,0.0,0.0,0.0,0.0,0.0,0.0,0.2,0.0,0.0,0.0,0.0,0.2
51,Hf1 Nb1 Si0.5 Ti1 V1,BCC+Sec.,CAST,7.8,1399.0,179.35897435897436,0.0,0.0,0.0,0.0,0.0,0.0,0.0,0.0,0.0,0.0,0.222,0.0,0.0,0.0,0.0,0.222,0.0,0.0,0.0,0.0,0.0,0.111,0.0,0.0,0.222,0.222,0.0,0.0,0.0,0.0
53,Hf1 Nb1 Ta1 Ti1 Zr1,BCC,OTHER,9.9,929.0,93.83838383838383,0.0,0.0,0.0,0.0,0.0,0.0,0.0,0.0,0.0,0.0,0.2,0.0,0.0,0.0,0.0,0.2,0.0,0.0,0.0,0.0,0.0,0.0,0.0,0.2,0.2,0.0,0.0,0.0,0.0,0.2
56,Mo1 Nb1 Ta1 V1,BCC,ANNEAL,10.7,1525.0,142.52336448598132,0.0,0.0,0.0,0.0,0.0,0.0,0.0,0.0,0.0,0.0,0.0,0.0,0.0,0.0,0.25,0.25,0.0,0.0,0.0,0.0,0.0,0.0,0.0,0.25,0.0,0.25,0.0,0.0,0.0,0.0
57,Mo1 Nb1 Ta1 V1 W1,BCC,CAST,12.4,1246.0,100.48387096774194,0.0,0.0,0.0,0.0,0.0,0.0,0.0,0.0,0.0,0.0,0.0,0.0,0.0,0.0,0.2,0.2,0.0,0.0,0.0,0.0,0.0,0.0,0.0,0.2,0.0,0.2,0.2,0.0,0.0,0.0
57,Mo1 Nb1 Ta1 W1,BCC,CAST,13.7,1058.0,77.22627737226277,0.0,0.0,0.0,0.0,0.0,0.0,0.0,0.0,0.0,0.0,0.0,0.0,0.0,0.0,0.25,0.25,0.0,0.0,0.0,0.0,0.0,0.0,0.0,0.25,0.0,0.0,0.25,0.0,0.0,0.0
58,Mo0.3 Nb1 Ti1 V1 Zr1,BCC,ANNEAL,6.7,1289.0,192.38805970149252,0.0,0.0,0.0,0.0,0.0,0.0,0.0,0.0,0.0,0.0,0.0,0.0,0.0,0.0,0.07,0.233,0.0,0.0,0.0,0.0,0.0,0.0,0.0,0.0,0.233,0.233,0.0,0.0,0.0,0.233
58,Mo0.5 Nb1 Ti1 V1 Zr1,BCC,ANNEAL,6.8,1473.0,216.61764705882354,0.0,0.0,0.0,0.0,0.0,0.0,0.0,0.0,0.0,0.0,0.0,0.0,0.0,0.0,0.111,0.222,0.0,0.0,0.0,0.0,0.0,0.0,0.0,0.0,0.222,0.222,0.0,0.0,0.0,0.222
58,Mo0.7 Nb1 Ti1 V1 Zr1,BCC,ANNEAL,6.9,1706.0,247.2463768115942,0.0,0.0,0.0,0.0,0.0,0.0,0.0,0.0,0.0,0.0,0.0,0.0,0.0,0.0,0.149,0.213,0.0,0.0,0.0,0.0,0.0,0.0,0.0,0.0,0.213,0.213,0.0,0.0,0.0,0.213
58,Mo1 Nb0.769 Ti0.769 V0.769 Zr0.769,BCC,ANNEAL,7.3,1496.0,204.93150684931507,0.0,0.0,0.0,0.0,0.0,0.0,0.0,0.0,0.0,0.0,0.0,0.0,0.0,0.0,0.245,0.189,0.0,0.0,0.0,0.0,0.0,0.0,0.0,0.0,0.189,0.189,0.0,0.0,0.0,0.189
58,Mo1 Nb0.667 Ti0.667 V0.667 Zr0.667,BCC,ANNEAL,7.4,1603.0,216.6216216216216,0.0,0.0,0.0,0.0,0.0,0.0,0.0,0.0,0.0,0.0,0.0,0.0,0.0,0.0,0.273,0.182,0.0,0.0,0.0,0.0,0.0,0.0,0.0,0.0,0.182,0.182,0.0,0.0,0.0,0.182
58,Mo1 Nb0.588 Ti0.588 V0.588 Zr0.588,BCC,ANNEAL,7.5,1645.0,219.33333333333334,0.0,0.0,0.0,0.0,0.0,0.0,0.0,0.0,0.0,0.0,0.0,0.0,0.0,0.0,0.298,0.175,0.0,0.0,0.0,0.0,0.0,0.0,0.0,0.0,0.175,0.175,0.0,0.0,0.0,0.175
58,Mo1 Nb0.5 Ti0.5 V0.5 Zr0.5,BCC,ANNEAL,7.6,1765.0,232.23684210526318,0.0,0.0,0.0,0.0,0.0,0.0,0.0,0.0,0.0,0.0,0.0,0.0,0.0,0.0,0.333,0.167,0.0,0.0,0.0,0.0,0.0,0.0,0.0,0.0,0.167,0.167,0.0,0.0,0.0,0.167
58,Mo1 Nb1 Ti1 V1 Zr1,BCC,ANNEAL,7.1,1779.0,250.56338028169014,0.0,0.0,0.0,0.0,0.0,0.0,0.0,0.0,0.0,0.0,0.0,0.0,0.0,0.0,0.2,0.2,0.0,0.0,0.0,0.0,0.0,0.0,0.0,0.0,0.2,0.2,0.0,0.0,0.0,0.2
58,Mo1 Nb1 Ti1 V0.3 Zr1,BCC,ANNEAL,7.2,1455.0,202.08333333333331,0.0,0.0,0.0,0.0,0.0,0.0,0.0,0.0,0.0,0.0,0.0,0.0,0.0,0.0,0.233,0.233,0.0,0.0,0.0,0.0,0.0,0.0,0.0,0.0,0.233,0.07,0.0,0.0,0.0,0.233
58,Mo0.1 Nb1 Ti1 V0.3 Zr1,BCC,ANNEAL,6.6,932.0,141.21212121212122,0.0,0.0,0.0,0.0,0.0,0.0,0.0,0.0,0.0,0.0,0.0,0.0,0.0,0.0,0.029,0.294,0.0,0.0,0.0,0.0,0.0,0.0,0.0,0.0,0.294,0.088,0.0,0.0,0.0,0.294
58,Mo0.3 Nb1 Ti1 V0.3 Zr1,BCC,ANNEAL,6.8,1312.0,192.94117647058823,0.0,0.0,0.0,0.0,0.0,0.0,0.0,0.0,0.0,0.0,0.0,0.0,0.0,0.0,0.083,0.278,0.0,0.0,0.0,0.0,0.0,0.0,0.0,0.0,0.278,0.083,0.0,0.0,0.0,0.278
58,Mo0.5 Nb1 Ti1 V0.3 Zr1,BCC,ANNEAL,6.9,1301.0,188.55072463768116,0.0,0.0,0.0,0.0,0.0,0.0,0.0,0.0,0.0,0.0,0.0,0.0,0.0,0.0,0.132,0.263,0.0,0.0,0.0,0.0,0.0,0.0,0.0,0.0,0.263,0.079,0.0,0.0,0.0,0.263
58,Mo0.7 Nb1 Ti1 V0.3 Zr1,BCC,ANNEAL,7.1,1436.0,202.25352112676057,0.0,0.0,0.0,0.0,0.0,0.0,0.0,0.0,0.0,0.0,0.0,0.0,0.0,0.0,0.175,0.25,0.0,0.0,0.0,0.0,0.0,0.0,0.0,0.0,0.25,0.075,0.0,0.0,0.0,0.25
58,Mo1 Nb0.769 Ti0.769 V0.231 Zr0.769,BCC,ANNEAL,7.4,1603.0,216.6216216216216,0.0,0.0,0.0,0.0,0.0,0.0,0.0,0.0,0.0,0.0,0.0,0.0,0.0,0.0,0.283,0.217,0.0,0.0,0.0,0.0,0.0,0.0,0.0,0.0,0.217,0.065,0.0,0.0,0.0,0.217
58,Mo1 Nb0.667 Ti0.667 V0.2 Zr0.667,BCC,ANNEAL,7.5,1576.0,210.13333333333333,0.0,0.0,0.0,0.0,0.0,0.0,0.0,0.0,0.0,0.0,0.0,0.0,0.0,0.0,0.312,0.208,0.0,0.0,0.0,0.0,0.0,0.0,0.0,0.0,0.208,0.062,0.0,0.0,0.0,0.208
58,Nb1 Ti1 V0.3 Zr1,BCC,ANNEAL,6.5,866.0,133.23076923076923,0.0,0.0,0.0,0.0,0.0,0.0,0.0,0.0,0.0,0.0,0.0,0.0,0.0,0.0,0.0,0.303,0.0,0.0,0.0,0.0,0.0,0.0,0.0,0.0,0.303,0.091,0.0,0.0,0.0,0.303
58,Nb1 Ti1 V1 Zr1,BCC,ANNEAL,6.5,1104.0,169.84615384615384,0.0,0.0,0.0,0.0,0.0,0.0,0.0,0.0,0.0,0.0,0.0,0.0,0.0,0.0,0.0,0.25,0.0,0.0,0.0,0.0,0.0,0.0,0.0,0.0,0.25,0.25,0.0,0.0,0.0,0.25
59,Mo1 Nb1 Ti1 V0.25 Zr1,BCC,CAST,7.3,1776.0,243.2876712328767,0.0,0.0,0.0,0.0,0.0,0.0,0.0,0.0,0.0,0.0,0.0,0.0,0.0,0.0,0.235,0.235,0.0,0.0,0.0,0.0,0.0,0.0,0.0,0.0,0.235,0.059,0.0,0.0,0.0,0.235
59,Mo1 Nb1 Ti1 V0.5 Zr1,BCC,CAST,7.2,1647.0,228.75,0.0,0.0,0.0,0.0,0.0,0.0,0.0,0.0,0.0,0.0,0.0,0.0,0.0,0.0,0.222,0.222,0.0,0.0,0.0,0.0,0.0,0.0,0.0,0.0,0.222,0.111,0.0,0.0,0.0,0.222
59,Mo1 Nb1 Ti1 V0.75 Zr1,BCC,CAST,7.2,1708.0,237.22222222222223,0.0,0.0,0.0,0.0,0.0,0.0,0.0,0.0,0.0,0.0,0.0,0.0,0.0,0.0,0.211,0.211,0.0,0.0,0.0,0.0,0.0,0.0,0.0,0.0,0.211,0.158,0.0,0.0,0.0,0.211
59,Mo1 Nb1 Ti1 V1 Zr1,BCC,CAST,7.1,1786.0,251.5492957746479,0.0,0.0,0.0,0.0,0.0,0.0,0.0,0.0,0.0,0.0,0.0,0.0,0.0,0.0,0.2,0.2,0.0,0.0,0.0,0.0,0.0,0.0,0.0,0.0,0.2,0.2,0.0,0.0,0.0,0.2
59,Mo0.667 Nb0.667 Ti0.667 V1 Zr0.667,BCC,CAST,7.1,1735.0,244.3661971830986,0.0,0.0,0.0,0.0,0.0,0.0,0.0,0.0,0.0,0.0,0.0,0.0,0.0,0.0,0.182,0.182,0.0,0.0,0.0,0.0,0.0,0.0,0.0,0.0,0.182,0.273,0.0,0.0,0.0,0.182
59,Mo0.5 Nb0.5 Ti0.5 V1 Zr0.5,BCC,CAST,7.0,1538.0,219.71428571428572,0.0,0.0,0.0,0.0,0.0,0.0,0.0,0.0,0.0,0.0,0.0,0.0,0.0,0.0,0.167,0.167,0.0,0.0,0.0,0.0,0.0,0.0,0.0,0.0,0.167,0.333,0.0,0.0,0.0,0.167
59,Mo0.333 Nb0.333 Ti0.333 V1 Zr0.333,BCC,CAST,6.9,1418.0,205.5072463768116,0.0,0.0,0.0,0.0,0.0,0.0,0.0,0.0,0.0,0.0,0.0,0.0,0.0,0.0,0.143,0.143,0.0,0.0,0.0,0.0,0.0,0.0,0.0,0.0,0.143,0.429,0.0,0.0,0.0,0.143
59,Mo1 Nb1 Ti1 Zr1,BCC,CAST,7.3,1592.0,218.08219178082192,0.0,0.0,0.0,0.0,0.0,0.0,0.0,0.0,0.0,0.0,0.0,0.0,0.0,0.0,0.25,0.25,0.0,0.0,0.0,0.0,0.0,0.0,0.0,0.0,0.25,0.0,0.0,0.0,0.0,0.25
61,Al0.125 Co1 Cr1 Cu1 Fe1 Mn1 Ni1 Ti1 V1,FCC+BCC,CAST,7.2,1862.0,258.6111111111111,0.0,0.015,0.0,0.0,0.0,0.123,0.123,0.123,0.123,0.0,0.0,0.0,0.0,0.123,0.0,0.0,0.0,0.123,0.0,0.0,0.0,0.0,0.0,0.0,0.123,0.123,0.0,0.0,0.0,0.0
61,Al0.25 Co1 Cr1 Cu1 Fe1 Mn1 Ni1 Ti1 V1,BCC,CAST,7.1,1465.0,206.3380281690141,0.0,0.03,0.0,0.0,0.0,0.121,0.121,0.121,0.121,0.0,0.0,0.0,0.0,0.121,0.0,0.0,0.0,0.121,0.0,0.0,0.0,0.0,0.0,0.0,0.121,0.121,0.0,0.0,0.0,0.0
61,Al0.667 Co1 Cr1 Cu1 Fe1 Mn1 Ni1 Ti1 V1,BCC+Sec.,CAST,6.8,1461.0,214.85294117647058,0.0,0.077,0.0,0.0,0.0,0.115,0.115,0.115,0.115,0.0,0.0,0.0,0.0,0.115,0.0,0.0,0.0,0.115,0.0,0.0,0.0,0.0,0.0,0.0,0.115,0.115,0.0,0.0,0.0,0.0
61,Co1 Cr1 Cu1 Fe1 Mn1 Ni1 Ti1 V1,FCC+BCC+Sec.,CAST,7.3,1312.0,179.72602739726028,0.0,0.0,0.0,0.0,0.0,0.125,0.125,0.125,0.125,0.0,0.0,0.0,0.0,0.125,0.0,0.0,0.0,0.125,0.0,0.0,0.0,0.0,0.0,0.0,0.125,0.125,0.0,0.0,0.0,0.0
62,Cu1 Mn1 Ni1 Zn0.333,FCC,CAST,8.3,215.0,25.903614457831324,0.0,0.0,0.0,0.0,0.0,0.0,0.0,0.3,0.0,0.0,0.0,0.0,0.0,0.3,0.0,0.0,0.0,0.3,0.0,0.0,0.0,0.0,0.0,0.0,0.0,0.0,0.0,0.0,0.1,0.0
62,Cu1 Mn1 Ni1 Zn0.25,FCC,CAST,8.3,140.0,16.867469879518072,0.0,0.0,0.0,0.0,0.0,0.0,0.0,0.308,0.0,0.0,0.0,0.0,0.0,0.308,0.0,0.0,0.0,0.308,0.0,0.0,0.0,0.0,0.0,0.0,0.0,0.0,0.0,0.0,0.077,0.0
62,Al0.111 Cu1 Mn1 Ni1,FCC+Sec.,CAST,8.1,515.0,63.58024691358025,0.0,0.036,0.0,0.0,0.0,0.0,0.0,0.321,0.0,0.0,0.0,0.0,0.0,0.321,0.0,0.0,0.0,0.321,0.0,0.0,0.0,0.0,0.0,0.0,0.0,0.0,0.0,0.0,0.0,0.0
62,Cu1 Mn1 Ni1 Sn0.111,FCC+Sec.,CAST,8.3,630.0,75.90361445783132,0.0,0.0,0.0,0.0,0.0,0.0,0.0,0.321,0.0,0.0,0.0,0.0,0.0,0.321,0.0,0.0,0.0,0.321,0.0,0.0,0.0,0.0,0.036,0.0,0.0,0.0,0.0,0.0,0.0,0.0
62,Al0.053 Cu1 Mn1 Ni1,FCC,CAST,8.3,330.0,39.75903614457831,0.0,0.017,0.0,0.0,0.0,0.0,0.0,0.328,0.0,0.0,0.0,0.0,0.0,0.328,0.0,0.0,0.0,0.328,0.0,0.0,0.0,0.0,0.0,0.0,0.0,0.0,0.0,0.0,0.0,0.0
62,Cu1 Mn1 Ni1 Sn0.053,FCC+Sec.,CAST,8.4,380.0,45.238095238095234,0.0,0.0,0.0,0.0,0.0,0.0,0.0,0.328,0.0,0.0,0.0,0.0,0.0,0.328,0.0,0.0,0.0,0.328,0.0,0.0,0.0,0.0,0.017,0.0,0.0,0.0,0.0,0.0,0.0,0.0
64,Al0.5 Co1 Cr1 Cu1 Fe1 Ni1,FCC,CAST,7.6,388.0,51.05263157894737,0.0,0.091,0.0,0.0,0.0,0.182,0.182,0.182,0.182,0.0,0.0,0.0,0.0,0.0,0.0,0.0,0.0,0.182,0.0,0.0,0.0,0.0,0.0,0.0,0.0,0.0,0.0,0.0,0.0,0.0
64,Al1 Co0.5 Cr0.5 Cu0.5 Fe0.5 Ni0.5,BCC,CAST,6.3,1620.0,257.14285714285717,0.0,0.286,0.0,0.0,0.0,0.143,0.143,0.143,0.143,0.0,0.0,0.0,0.0,0.0,0.0,0.0,0.0,0.143,0.0,0.0,0.0,0.0,0.0,0.0,0.0,0.0,0.0,0.0,0.0,0.0
64,Al1 Co1 Cr1 Cu1 Fe1 Ni1,FCC+BCC,CAST,7.1,948.0,133.5211267605634,0.0,0.167,0.0,0.0,0.0,0.167,0.167,0.167,0.167,0.0,0.0,0.0,0.0,0.0,0.0,0.0,0.0,0.167,0.0,0.0,0.0,0.0,0.0,0.0,0.0,0.0,0.0,0.0,0.0,0.0
68,Al1 Nb1 Ti1 V1,B2,ANNEAL,5.5,1000.0,181.8181818181818,0.0,0.25,0.0,0.0,0.0,0.0,0.0,0.0,0.0,0.0,0.0,0.0,0.0,0.0,0.0,0.25,0.0,0.0,0.0,0.0,0.0,0.0,0.0,0.0,0.25,0.25,0.0,0.0,0.0,0.0
68,Al1 Nb1 Ti1 V1 Zr1,B2+Laves+Sec.,ANNEAL,5.8,1500.0,258.62068965517244,0.0,0.2,0.0,0.0,0.0,0.0,0.0,0.0,0.0,0.0,0.0,0.0,0.0,0.0,0.0,0.2,0.0,0.0,0.0,0.0,0.0,0.0,0.0,0.0,0.2,0.2,0.0,0.0,0.0,0.2
68,Al1 Nb1 Ti1 V1 Zr0.1,B2+Sec.,ANNEAL,5.5,1290.0,234.54545454545453,0.0,0.244,0.0,0.0,0.0,0.0,0.0,0.0,0.0,0.0,0.0,0.0,0.0,0.0,0.0,0.244,0.0,0.0,0.0,0.0,0.0,0.0,0.0,0.0,0.244,0.244,0.0,0.0,0.0,0.024
68,Al1 Nb1 Ti1 V1 Zr0.25,B2+Sec.,ANNEAL,5.6,1360.0,242.85714285714286,0.0,0.235,0.0,0.0,0.0,0.0,0.0,0.0,0.0,0.0,0.0,0.0,0.0,0.0,0.0,0.235,0.0,0.0,0.0,0.0,0.0,0.0,0.0,0.0,0.235,0.235,0.0,0.0,0.0,0.059
68,Al1 Nb1 Ti1 V1 Zr0.5,B2+Laves+Sec.,ANNEAL,5.6,1485.0,265.17857142857144,0.0,0.222,0.0,0.0,0.0,0.0,0.0,0.0,0.0,0.0,0.0,0.0,0.0,0.0,0.0,0.222,0.0,0.0,0.0,0.0,0.0,0.0,0.0,0.0,0.222,0.222,0.0,0.0,0.0,0.111
68,Al0.667 Nb0.667 Ti0.667 V0.667 Zr1,B2+Laves+Sec.,ANNEAL,5.8,1535.0,264.65517241379314,0.0,0.182,0.0,0.0,0.0,0.0,0.0,0.0,0.0,0.0,0.0,0.0,0.0,0.0,0.0,0.182,0.0,0.0,0.0,0.0,0.0,0.0,0.0,0.0,0.182,0.182,0.0,0.0,0.0,0.273
70,Cr1 Hf1 Nb1 Ti1 Zr1,BCC+Laves,ANNEAL,8.2,1457.0,177.6829268292683,0.0,0.0,0.0,0.0,0.0,0.0,0.2,0.0,0.0,0.0,0.2,0.0,0.0,0.0,0.0,0.2,0.0,0.0,0.0,0.0,0.0,0.0,0.0,0.0,0.2,0.0,0.0,0.0,0.0,0.2
70,Cr1 Hf1 Nb1 Ti1 Zr1,BCC+Laves,ANNEAL,8.2,1420.0,173.1707317073171,0.0,0.0,0.0,0.0,0.0,0.0,0.2,0.0,0.0,0.0,0.2,0.0,0.0,0.0,0.0,0.2,0.0,0.0,0.0,0.0,0.0,0.0,0.0,0.0,0.2,0.0,0.0,0.0,0.0,0.2
70,Cr1 Hf1 Nb1 Ti1 Zr1,BCC+Laves,ANNEAL,8.2,1328.0,161.95121951219514,0.0,0.0,0.0,0.0,0.0,0.0,0.2,0.0,0.0,0.0,0.2,0.0,0.0,0.0,0.0,0.2,0.0,0.0,0.0,0.0,0.0,0.0,0.0,0.0,0.2,0.0,0.0,0.0,0.0,0.2
70,Cr1 Hf1 Nb1 Ti1 Zr1,BCC+Laves,ANNEAL,8.2,1322.0,161.21951219512198,0.0,0.0,0.0,0.0,0.0,0.0,0.2,0.0,0.0,0.0,0.2,0.0,0.0,0.0,0.0,0.2,0.0,0.0,0.0,0.0,0.0,0.0,0.0,0.0,0.2,0.0,0.0,0.0,0.0,0.2
70,Cr1 Hf1 Nb1 Ti1 Zr1,BCC+Laves,CAST,8.2,1375.0,167.6829268292683,0.0,0.0,0.0,0.0,0.0,0.0,0.2,0.0,0.0,0.0,0.2,0.0,0.0,0.0,0.0,0.2,0.0,0.0,0.0,0.0,0.0,0.0,0.0,0.0,0.2,0.0,0.0,0.0,0.0,0.2
70,Hf1 Nb1 Ti1 V1 Zr1,BCC+Laves,ANNEAL,8.1,1157.0,142.83950617283952,0.0,0.0,0.0,0.0,0.0,0.0,0.0,0.0,0.0,0.0,0.2,0.0,0.0,0.0,0.0,0.2,0.0,0.0,0.0,0.0,0.0,0.0,0.0,0.0,0.2,0.2,0.0,0.0,0.0,0.2
70,Hf1 Nb1 Ti1 V1 Zr1,BCC,ANNEAL,8.1,1253.0,154.69135802469137,0.0,0.0,0.0,0.0,0.0,0.0,0.0,0.0,0.0,0.0,0.2,0.0,0.0,0.0,0.0,0.2,0.0,0.0,0.0,0.0,0.0,0.0,0.0,0.0,0.2,0.2,0.0,0.0,0.0,0.2
70,Hf1 Nb1 Ti1 V1 Zr1,BCC,ANNEAL,8.1,1140.0,140.74074074074073,0.0,0.0,0.0,0.0,0.0,0.0,0.0,0.0,0.0,0.0,0.2,0.0,0.0,0.0,0.0,0.2,0.0,0.0,0.0,0.0,0.0,0.0,0.0,0.0,0.2,0.2,0.0,0.0,0.0,0.2
70,Hf1 Nb1 Ti1 V1 Zr1,BCC,ANNEAL,8.1,1120.0,138.27160493827162,0.0,0.0,0.0,0.0,0.0,0.0,0.0,0.0,0.0,0.0,0.2,0.0,0.0,0.0,0.0,0.2,0.0,0.0,0.0,0.0,0.0,0.0,0.0,0.0,0.2,0.2,0.0,0.0,0.0,0.2
70,Hf1 Nb1 Ti1 V1 Zr1,BCC+Laves,CAST,8.1,1170.0,144.44444444444446,0.0,0.0,0.0,0.0,0.0,0.0,0.0,0.0,0.0,0.0,0.2,0.0,0.0,0.0,0.0,0.2,0.0,0.0,0.0,0.0,0.0,0.0,0.0,0.0,0.2,0.2,0.0,0.0,0.0,0.2
71,Cr1 Ta1 Ti0.17 V1 W1,BCC+Laves,POWDER,12.6,2034.0,161.42857142857144,0.0,0.0,0.0,0.0,0.0,0.0,0.24,0.0,0.0,0.0,0.0,0.0,0.0,0.0,0.0,0.0,0.0,0.0,0.0,0.0,0.0,0.0,0.0,0.24,0.041,0.24,0.24,0.0,0.0,0.0
71,Cr1 Ta1 Ti0.3 V1 W1,BCC+Laves,POWDER,12.3,2050.0,166.66666666666666,0.0,0.0,0.0,0.0,0.0,0.0,0.233,0.0,0.0,0.0,0.0,0.0,0.0,0.0,0.0,0.0,0.0,0.0,0.0,0.0,0.0,0.0,0.0,0.233,0.07,0.233,0.233,0.0,0.0,0.0
71,Cr1 Ta1 V1 W1,BCC+Laves,POWDER,13.0,2327.0,179.0,0.0,0.0,0.0,0.0,0.0,0.0,0.25,0.0,0.0,0.0,0.0,0.0,0.0,0.0,0.0,0.0,0.0,0.0,0.0,0.0,0.0,0.0,0.0,0.25,0.0,0.25,0.25,0.0,0.0,0.0
72,Hf0.26 Nb1 Ta1 Ti0.578 Zr0.416,BCC,CAST,10.4,845.0,81.25,0.0,0.0,0.0,0.0,0.0,0.0,0.0,0.0,0.0,0.0,0.08,0.0,0.0,0.0,0.0,0.307,0.0,0.0,0.0,0.0,0.0,0.0,0.0,0.307,0.178,0.0,0.0,0.0,0.0,0.128
73,Hf0.5 Mo0.5 Nb1 Si0.1 Ti1 Zr1,BCC+Sec.,CAST,7.7,1350.0,175.32467532467533,0.0,0.0,0.0,0.0,0.0,0.0,0.0,0.0,0.0,0.0,0.122,0.0,0.0,0.0,0.122,0.244,0.0,0.0,0.0,0.0,0.0,0.024,0.0,0.0,0.244,0.0,0.0,0.0,0.0,0.244
73,Hf0.5 Mo0.5 Nb1 Si0.3 Ti1 Zr1,BCC+Sec.,CAST,7.5,1370.0,182.66666666666666,0.0,0.0,0.0,0.0,0.0,0.0,0.0,0.0,0.0,0.0,0.116,0.0,0.0,0.0,0.116,0.233,0.0,0.0,0.0,0.0,0.0,0.07,0.0,0.0,0.233,0.0,0.0,0.0,0.0,0.233
73,Hf0.5 Mo0.5 Nb1 Si0.5 Ti1 Zr1,BCC+Sec.,CAST,7.2,1600.0,222.22222222222223,0.0,0.0,0.0,0.0,0.0,0.0,0.0,0.0,0.0,0.0,0.111,0.0,0.0,0.0,0.111,0.222,0.0,0.0,0.0,0.0,0.0,0.111,0.0,0.0,0.222,0.0,0.0,0.0,0.0,0.222
73,Hf0.5 Mo0.5 Nb1 Si0.7 Ti1 Zr1,BCC+Sec.,CAST,7.0,1550.0,221.42857142857142,0.0,0.0,0.0,0.0,0.0,0.0,0.0,0.0,0.0,0.0,0.106,0.0,0.0,0.0,0.106,0.213,0.0,0.0,0.0,0.0,0.0,0.149,0.0,0.0,0.213,0.0,0.0,0.0,0.0,0.213
73,Hf0.5 Mo0.5 Nb1 Si0.9 Ti1 Zr1,BCC+Sec.,CAST,6.8,1650.0,242.64705882352942,0.0,0.0,0.0,0.0,0.0,0.0,0.0,0.0,0.0,0.0,0.102,0.0,0.0,0.0,0.102,0.204,0.0,0.0,0.0,0.0,0.0,0.184,0.0,0.0,0.204,0.0,0.0,0.0,0.0,0.204
73,Hf0.5 Mo0.5 Nb1 Ti1 Zr1,BCC+Sec.,CAST,7.9,1150.0,145.56962025316454,0.0,0.0,0.0,0.0,0.0,0.0,0.0,0.0,0.0,0.0,0.125,0.0,0.0,0.0,0.125,0.25,0.0,0.0,0.0,0.0,0.0,0.0,0.0,0.0,0.25,0.0,0.0,0.0,0.0,0.25
74,Hf0.5 Nb0.667 Ta0.333 Ti1 Zr0.833,BCC,WROUGHT,8.4,1150.0,136.9047619047619,0.0,0.0,0.0,0.0,0.0,0.0,0.0,0.0,0.0,0.0,0.15,0.0,0.0,0.0,0.0,0.2,0.0,0.0,0.0,0.0,0.0,0.0,0.0,0.1,0.3,0.0,0.0,0.0,0.0,0.25
74,Hf0.5 Nb0.667 Ta0.333 Ti1 Zr0.833,BCC,WROUGHT,8.4,1100.0,130.95238095238093,0.0,0.0,0.0,0.0,0.0,0.0,0.0,0.0,0.0,0.0,0.15,0.0,0.0,0.0,0.0,0.2,0.0,0.0,0.0,0.0,0.0,0.0,0.0,0.1,0.3,0.0,0.0,0.0,0.0,0.25
74,Hf0.5 Nb0.667 Ta0.333 Ti1 Zr0.833,BCC,WROUGHT,8.4,890.0,105.95238095238095,0.0,0.0,0.0,0.0,0.0,0.0,0.0,0.0,0.0,0.0,0.15,0.0,0.0,0.0,0.0,0.2,0.0,0.0,0.0,0.0,0.0,0.0,0.0,0.1,0.3,0.0,0.0,0.0,0.0,0.25
75,Hf1 Mo0.5 Nb1 Si0.3 Ti1 V0.5,BCC+Sec.,CAST,8.5,1617.0,190.23529411764707,0.0,0.0,0.0,0.0,0.0,0.0,0.0,0.0,0.0,0.0,0.233,0.0,0.0,0.0,0.116,0.233,0.0,0.0,0.0,0.0,0.0,0.07,0.0,0.0,0.233,0.116,0.0,0.0,0.0,0.0
75,Hf1 Mo0.5 Nb1 Si0.5 Ti1 V0.5,BCC+Sec.,CAST,8.2,1787.0,217.9268292682927,0.0,0.0,0.0,0.0,0.0,0.0,0.0,0.0,0.0,0.0,0.222,0.0,0.0,0.0,0.111,0.222,0.0,0.0,0.0,0.0,0.0,0.111,0.0,0.0,0.222,0.111,0.0,0.0,0.0,0.0
75,Hf1 Mo0.5 Nb1 Si0.7 Ti1 V0.5,BCC+Sec.,CAST,7.9,2134.0,270.126582278481,0.0,0.0,0.0,0.0,0.0,0.0,0.0,0.0,0.0,0.0,0.213,0.0,0.0,0.0,0.106,0.213,0.0,0.0,0.0,0.0,0.0,0.149,0.0,0.0,0.213,0.106,0.0,0.0,0.0,0.0
75,Hf1 Mo0.5 Nb1 Ti1 V0.5,BCC,CAST,9.0,1260.0,140.0,0.0,0.0,0.0,0.0,0.0,0.0,0.0,0.0,0.0,0.0,0.25,0.0,0.0,0.0,0.125,0.25,0.0,0.0,0.0,0.0,0.0,0.0,0.0,0.0,0.25,0.125,0.0,0.0,0.0,0.0
77,Al0.25 Nb1 Ta1 Ti1 Zr1,BCC+B2,OTHER,8.6,1745.0,202.90697674418607,0.0,0.059,0.0,0.0,0.0,0.0,0.0,0.0,0.0,0.0,0.0,0.0,0.0,0.0,0.0,0.235,0.0,0.0,0.0,0.0,0.0,0.0,0.0,0.235,0.235,0.0,0.0,0.0,0.0,0.235
77,Al0.5 Mo0.5 Nb1 Ta0.5 Ti1 Zr1,BCC+B2,OTHER,7.6,2350.0,309.2105263157895,0.0,0.111,0.0,0.0,0.0,0.0,0.0,0.0,0.0,0.0,0.0,0.0,0.0,0.0,0.111,0.222,0.0,0.0,0.0,0.0,0.0,0.0,0.0,0.111,0.222,0.0,0.0,0.0,0.0,0.222
77,Al1 Mo0.5 Nb1 Ta0.5 Ti1 Zr1,BCC+B2,OTHER,7.1,2197.0,309.4366197183099,0.0,0.2,0.0,0.0,0.0,0.0,0.0,0.0,0.0,0.0,0.0,0.0,0.0,0.0,0.1,0.2,0.0,0.0,0.0,0.0,0.0,0.0,0.0,0.1,0.2,0.0,0.0,0.0,0.0,0.2
77,Al1 Nb1 Ta0.5 Ti1 Zr0.5,B2,OTHER,6.9,1352.0,195.94202898550725,0.0,0.25,0.0,0.0,0.0,0.0,0.0,0.0,0.0,0.0,0.0,0.0,0.0,0.0,0.0,0.25,0.0,0.0,0.0,0.0,0.0,0.0,0.0,0.125,0.25,0.0,0.0,0.0,0.0,0.125
78,Hf1 Nb1 Si0.5 Ti1 V1 Zr1,BCC+Laves+Sec.,ANNEAL,7.5,1483.0,197.73333333333332,0.0,0.0,0.0,0.0,0.0,0.0,0.0,0.0,0.0,0.0,0.182,0.0,0.0,0.0,0.0,0.182,0.0,0.0,0.0,0.0,0.0,0.091,0.0,0.0,0.182,0.182,0.0,0.0,0.0,0.182
78,Hf1 Nb1 Si0.5 Ti1 V1 Zr1,BCC+Laves+Sec.,CAST,7.5,1540.0,205.33333333333334,0.0,0.0,0.0,0.0,0.0,0.0,0.0,0.0,0.0,0.0,0.182,0.0,0.0,0.0,0.0,0.182,0.0,0.0,0.0,0.0,0.0,0.091,0.0,0.0,0.182,0.182,0.0,0.0,0.0,0.182
83,Hf1 Nb1 Ta1 Ti1 Zr1,BCC,CAST,9.9,905.0,91.41414141414141,0.0,0.0,0.0,0.0,0.0,0.0,0.0,0.0,0.0,0.0,0.2,0.0,0.0,0.0,0.0,0.2,0.0,0.0,0.0,0.0,0.0,0.0,0.0,0.2,0.2,0.0,0.0,0.0,0.0,0.2
84,Hf1 Nb1 Ta1 Ti1 Zr1,BCC,CAST,9.9,890.0,89.8989898989899,0.0,0.0,0.0,0.0,0.0,0.0,0.0,0.0,0.0,0.0,0.2,0.0,0.0,0.0,0.0,0.2,0.0,0.0,0.0,0.0,0.0,0.0,0.0,0.2,0.2,0.0,0.0,0.0,0.0,0.2
86,Al0.2 Mo1 Ta1 Ti1 V1,BCC,CAST,9.3,1021.0,109.78494623655914,0.0,0.048,0.0,0.0,0.0,0.0,0.0,0.0,0.0,0.0,0.0,0.0,0.0,0.0,0.238,0.0,0.0,0.0,0.0,0.0,0.0,0.0,0.0,0.238,0.238,0.238,0.0,0.0,0.0,0.0
86,Al0.6 Mo1 Ta1 Ti1 V1,BCC,CAST,8.7,962.0,110.57471264367817,0.0,0.13,0.0,0.0,0.0,0.0,0.0,0.0,0.0,0.0,0.0,0.0,0.0,0.0,0.217,0.0,0.0,0.0,0.0,0.0,0.0,0.0,0.0,0.217,0.217,0.217,0.0,0.0,0.0,0.0
86,Mo1 Ta1 Ti1 V1,BCC,CAST,9.6,1221.0,127.1875,0.0,0.0,0.0,0.0,0.0,0.0,0.0,0.0,0.0,0.0,0.0,0.0,0.0,0.0,0.25,0.0,0.0,0.0,0.0,0.0,0.0,0.0,0.0,0.25,0.25,0.25,0.0,0.0,0.0,0.0
87,Hf1 Nb1 Ta1 Zr1,BCC+HCP,ANNEAL,11.1,2310.0,208.10810810810813,0.0,0.0,0.0,0.0,0.0,0.0,0.0,0.0,0.0,0.0,0.25,0.0,0.0,0.0,0.0,0.25,0.0,0.0,0.0,0.0,0.0,0.0,0.0,0.25,0.0,0.0,0.0,0.0,0.0,0.25
87,Hf1 Nb1 Ta1 Zr1,BCC+HCP,ANNEAL,11.1,2100.0,189.1891891891892,0.0,0.0,0.0,0.0,0.0,0.0,0.0,0.0,0.0,0.0,0.25,0.0,0.0,0.0,0.0,0.25,0.0,0.0,0.0,0.0,0.0,0.0,0.0,0.25,0.0,0.0,0.0,0.0,0.0,0.25
87,Hf1 Nb1 Ta1 Zr1,BCC+HCP,ANNEAL,11.1,2020.0,181.981981981982,0.0,0.0,0.0,0.0,0.0,0.0,0.0,0.0,0.0,0.0,0.25,0.0,0.0,0.0,0.0,0.25,0.0,0.0,0.0,0.0,0.0,0.0,0.0,0.25,0.0,0.0,0.0,0.0,0.0,0.25
87,Hf1 Nb1 Ta1 Zr1,BCC+HCP,ANNEAL,11.1,1950.0,175.67567567567568,0.0,0.0,0.0,0.0,0.0,0.0,0.0,0.0,0.0,0.0,0.25,0.0,0.0,0.0,0.0,0.25,0.0,0.0,0.0,0.0,0.0,0.0,0.0,0.25,0.0,0.0,0.0,0.0,0.0,0.25
87,Hf1 Nb1 Ta1 Zr1,BCC,CAST,11.1,1315.0,118.46846846846847,0.0,0.0,0.0,0.0,0.0,0.0,0.0,0.0,0.0,0.0,0.25,0.0,0.0,0.0,0.0,0.25,0.0,0.0,0.0,0.0,0.0,0.0,0.0,0.25,0.0,0.0,0.0,0.0,0.0,0.25
89,Mo1 Nb1 Ta1 Ti0.25 W1,BCC,CAST,13.1,1109.0,84.65648854961832,0.0,0.0,0.0,0.0,0.0,0.0,0.0,0.0,0.0,0.0,0.0,0.0,0.0,0.0,0.235,0.235,0.0,0.0,0.0,0.0,0.0,0.0,0.0,0.235,0.059,0.0,0.235,0.0,0.0,0.0
89,Mo1 Nb1 Ta1 Ti0.5 W1,BCC,CAST,12.6,1211.0,96.11111111111111,0.0,0.0,0.0,0.0,0.0,0.0,0.0,0.0,0.0,0.0,0.0,0.0,0.0,0.0,0.222,0.222,0.0,0.0,0.0,0.0,0.0,0.0,0.0,0.222,0.111,0.0,0.222,0.0,0.0,0.0
89,Mo1 Nb1 Ta1 Ti0.75 W1,BCC,CAST,12.2,1304.0,106.88524590163935,0.0,0.0,0.0,0.0,0.0,0.0,0.0,0.0,0.0,0.0,0.0,0.0,0.0,0.0,0.211,0.211,0.0,0.0,0.0,0.0,0.0,0.0,0.0,0.211,0.158,0.0,0.211,0.0,0.0,0.0
89,Mo1 Nb1 Ta1 Ti1 W1,BCC,CAST,11.8,1455.0,123.3050847457627,0.0,0.0,0.0,0.0,0.0,0.0,0.0,0.0,0.0,0.0,0.0,0.0,0.0,0.0,0.2,0.2,0.0,0.0,0.0,0.0,0.0,0.0,0.0,0.2,0.2,0.0,0.2,0.0,0.0,0.0
89,Mo1 Nb1 Ta1 W1,BCC,CAST,13.7,996.0,72.7007299270073,0.0,0.0,0.0,0.0,0.0,0.0,0.0,0.0,0.0,0.0,0.0,0.0,0.0,0.0,0.25,0.25,0.0,0.0,0.0,0.0,0.0,0.0,0.0,0.25,0.0,0.0,0.25,0.0,0.0,0.0
90,Mo1 Nb1 Ta1 Ti1 V1,BCC,CAST,9.4,1400.0,148.93617021276594,0.0,0.0,0.0,0.0,0.0,0.0,0.0,0.0,0.0,0.0,0.0,0.0,0.0,0.0,0.2,0.2,0.0,0.0,0.0,0.0,0.0,0.0,0.0,0.2,0.2,0.2,0.0,0.0,0.0,0.0
91,Mo1 Nb1 Ta1 Ti1 V1 W1,BCC,CAST,11.0,1515.0,137.72727272727272,0.0,0.0,0.0,0.0,0.0,0.0,0.0,0.0,0.0,0.0,0.0,0.0,0.0,0.0,0.167,0.167,0.0,0.0,0.0,0.0,0.0,0.0,0.0,0.167,0.167,0.167,0.167,0.0,0.0,0.0
91,Mo1 Nb1 Ta1 Ti1 W1,BCC,CAST,11.8,1343.0,113.8135593220339,0.0,0.0,0.0,0.0,0.0,0.0,0.0,0.0,0.0,0.0,0.0,0.0,0.0,0.0,0.2,0.2,0.0,0.0,0.0,0.0,0.0,0.0,0.0,0.2,0.2,0.0,0.2,0.0,0.0,0.0
92,Mo1 Nb1 Ta1 Ti1 Zr1,BCC+BCC,CAST,9.1,1390.0,152.74725274725276,0.0,0.0,0.0,0.0,0.0,0.0,0.0,0.0,0.0,0.0,0.0,0.0,0.0,0.0,0.2,0.2,0.0,0.0,0.0,0.0,0.0,0.0,0.0,0.2,0.2,0.0,0.0,0.0,0.0,0.2
93,Mo1 Nb1 Ta1 Ti1 Zr1,BCC+BCC,ANNEAL,9.1,1100.0,120.87912087912089,0.0,0.0,0.0,0.0,0.0,0.0,0.0,0.0,0.0,0.0,0.0,0.0,0.0,0.0,0.2,0.2,0.0,0.0,0.0,0.0,0.0,0.0,0.0,0.2,0.2,0.0,0.0,0.0,0.0,0.2
93,Mo1 Nb1 Ta1 Ti1 Zr1,BCC+BCC,CAST,9.1,1375.0,151.0989010989011,0.0,0.0,0.0,0.0,0.0,0.0,0.0,0.0,0.0,0.0,0.0,0.0,0.0,0.0,0.2,0.2,0.0,0.0,0.0,0.0,0.0,0.0,0.0,0.2,0.2,0.0,0.0,0.0,0.0,0.2
94,Mo1 Nb1 Ta1 V1 W1,BCC,POWDER,12.4,2612.0,210.64516129032256,0.0,0.0,0.0,0.0,0.0,0.0,0.0,0.0,0.0,0.0,0.0,0.0,0.0,0.0,0.2,0.2,0.0,0.0,0.0,0.0,0.0,0.0,0.0,0.2,0.0,0.2,0.2,0.0,0.0,0.0
95,Nb1 Ta1 Ti1 V1,BCC,CAST,9.2,965.0,104.8913043478261,0.0,0.0,0.0,0.0,0.0,0.0,0.0,0.0,0.0,0.0,0.0,0.0,0.0,0.0,0.0,0.25,0.0,0.0,0.0,0.0,0.0,0.0,0.0,0.25,0.25,0.25,0.0,0.0,0.0,0.0
95,Nb1 Ta1 Ti1 V1 W1,BCC,CAST,11.1,1420.0,127.92792792792793,0.0,0.0,0.0,0.0,0.0,0.0,0.0,0.0,0.0,0.0,0.0,0.0,0.0,0.0,0.0,0.2,0.0,0.0,0.0,0.0,0.0,0.0,0.0,0.2,0.2,0.2,0.2,0.0,0.0,0.0
95,Nb1 Ta1 V1 W1,BCC,CAST,12.9,1530.0,118.60465116279069,0.0,0.0,0.0,0.0,0.0,0.0,0.0,0.0,0.0,0.0,0.0,0.0,0.0,0.0,0.0,0.25,0.0,0.0,0.0,0.0,0.0,0.0,0.0,0.25,0.0,0.25,0.25,0.0,0.0,0.0
96,Al0.25 Cr0.5 Nb0.5 Ti1 V0.25,BCC+Laves,ANNEAL,5.8,1340.0,231.0344827586207,0.0,0.1,0.0,0.0,0.0,0.0,0.2,0.0,0.0,0.0,0.0,0.0,0.0,0.0,0.0,0.2,0.0,0.0,0.0,0.0,0.0,0.0,0.0,0.0,0.4,0.1,0.0,0.0,0.0,0.0
96,Al0.25 Cr0.5 Nb0.5 Ti1 V0.25,BCC,CAST,5.8,1240.0,213.79310344827587,0.0,0.1,0.0,0.0,0.0,0.0,0.2,0.0,0.0,0.0,0.0,0.0,0.0,0.0,0.0,0.2,0.0,0.0,0.0,0.0,0.0,0.0,0.0,0.0,0.4,0.1,0.0,0.0,0.0,0.0
97,Al1 Cr0.5 Nb1 Ti1 V1,BCC,ANNEAL,5.6,1300.0,232.14285714285717,0.0,0.222,0.0,0.0,0.0,0.0,0.111,0.0,0.0,0.0,0.0,0.0,0.0,0.0,0.0,0.222,0.0,0.0,0.0,0.0,0.0,0.0,0.0,0.0,0.222,0.222,0.0,0.0,0.0,0.0
97,Al0.667 Cr1 Nb0.667 Ti0.667 V0.667,BCC+Laves,ANNEAL,5.9,1700.0,288.135593220339,0.0,0.182,0.0,0.0,0.0,0.0,0.273,0.0,0.0,0.0,0.0,0.0,0.0,0.0,0.0,0.182,0.0,0.0,0.0,0.0,0.0,0.0,0.0,0.0,0.182,0.182,0.0,0.0,0.0,0.0
97,Al1 Cr1 Nb1 Ti1 V1,BCC+Laves,ANNEAL,5.8,1550.0,267.2413793103448,0.0,0.2,0.0,0.0,0.0,0.0,0.2,0.0,0.0,0.0,0.0,0.0,0.0,0.0,0.0,0.2,0.0,0.0,0.0,0.0,0.0,0.0,0.0,0.0,0.2,0.2,0.0,0.0,0.0,0.0
97,Al1 Nb1 Ti1 V1,BCC,ANNEAL,5.5,1000.0,181.8181818181818,0.0,0.25,0.0,0.0,0.0,0.0,0.0,0.0,0.0,0.0,0.0,0.0,0.0,0.0,0.0,0.25,0.0,0.0,0.0,0.0,0.0,0.0,0.0,0.0,0.25,0.25,0.0,0.0,0.0,0.0
151,Cr0.5 Fe1 Mn0.625 Ni0.375,FCC+BCC,CAST,7.8,219.0,28.076923076923077,0.0,0.0,0.0,0.0,0.0,0.0,0.2,0.0,0.4,0.0,0.0,0.0,0.0,0.25,0.0,0.0,0.0,0.15,0.0,0.0,0.0,0.0,0.0,0.0,0.0,0.0,0.0,0.0,0.0,0.0
151,Al0.05 Cr0.5 Fe1 Mn0.625 Ni0.375,FCC+BCC,CAST,7.6,354.0,46.578947368421055,0.0,0.02,0.0,0.0,0.0,0.0,0.196,0.0,0.392,0.0,0.0,0.0,0.0,0.245,0.0,0.0,0.0,0.147,0.0,0.0,0.0,0.0,0.0,0.0,0.0,0.0,0.0,0.0,0.0,0.0
151,Al0.15 Cr0.5 Fe1 Mn0.625 Ni0.375,FCC+BCC,CAST,7.4,550.0,74.32432432432432,0.0,0.057,0.0,0.0,0.0,0.0,0.189,0.0,0.377,0.0,0.0,0.0,0.0,0.236,0.0,0.0,0.0,0.142,0.0,0.0,0.0,0.0,0.0,0.0,0.0,0.0,0.0,0.0,0.0,0.0
151,Al0.25 Cr0.5 Fe1 Mn0.625 Ni0.375,B2+BCC,CAST,7.2,994.0,138.05555555555554,0.0,0.091,0.0,0.0,0.0,0.0,0.182,0.0,0.364,0.0,0.0,0.0,0.0,0.227,0.0,0.0,0.0,0.136,0.0,0.0,0.0,0.0,0.0,0.0,0.0,0.0,0.0,0.0,0.0,0.0
151,Al0.35 Cr0.5 Fe1 Mn0.625 Ni0.375,B2+BCC,CAST,6.9,942.0,136.52173913043478,0.0,0.123,0.0,0.0,0.0,0.0,0.175,0.0,0.351,0.0,0.0,0.0,0.0,0.219,0.0,0.0,0.0,0.132,0.0,0.0,0.0,0.0,0.0,0.0,0.0,0.0,0.0,0.0,0.0,0.0
188,Al1 Co1 Cr1 Fe1 Ni1,BCC+B2,CAST,6.7,1380.0,205.97014925373134,0.0,0.2,0.0,0.0,0.0,0.2,0.2,0.0,0.2,0.0,0.0,0.0,0.0,0.0,0.0,0.0,0.0,0.2,0.0,0.0,0.0,0.0,0.0,0.0,0.0,0.0,0.0,0.0,0.0,0.0
188,Al1 Co1 Cr1 Fe1 Ni1,BCC+B2+FCC+Sec.,ANNEAL,6.7,1430.0,213.43283582089552,0.0,0.2,0.0,0.0,0.0,0.2,0.2,0.0,0.2,0.0,0.0,0.0,0.0,0.0,0.0,0.0,0.0,0.2,0.0,0.0,0.0,0.0,0.0,0.0,0.0,0.0,0.0,0.0,0.0,0.0
188,Al1 Co1 Cr1 Fe1 Ni1,BCC+B2+FCC,ANNEAL,6.7,1690.0,252.23880597014926,0.0,0.2,0.0,0.0,0.0,0.2,0.2,0.0,0.2,0.0,0.0,0.0,0.0,0.0,0.0,0.0,0.0,0.2,0.0,0.0,0.0,0.0,0.0,0.0,0.0,0.0,0.0,0.0,0.0,0.0
188,Al1 Co1 Cr1 Fe1 Ni1,BCC+B2+FCC,ANNEAL,6.7,1220.0,182.08955223880596,0.0,0.2,0.0,0.0,0.0,0.2,0.2,0.0,0.2,0.0,0.0,0.0,0.0,0.0,0.0,0.0,0.0,0.2,0.0,0.0,0.0,0.0,0.0,0.0,0.0,0.0,0.0,0.0,0.0,0.0
188,Al1 Co1 Cr1 Fe1 Ni1,BCC+B2+FCC,ANNEAL,6.7,1450.0,216.4179104477612,0.0,0.2,0.0,0.0,0.0,0.2,0.2,0.0,0.2,0.0,0.0,0.0,0.0,0.0,0.0,0.0,0.0,0.2,0.0,0.0,0.0,0.0,0.0,0.0,0.0,0.0,0.0,0.0,0.0,0.0
193,Al0.885 Cr1 Fe1 Ni1,BCC+B2,CAST,6.4,770.0,120.3125,0.0,0.228,0.0,0.0,0.0,0.0,0.257,0.0,0.257,0.0,0.0,0.0,0.0,0.0,0.0,0.0,0.0,0.257,0.0,0.0,0.0,0.0,0.0,0.0,0.0,0.0,0.0,0.0,0.0,0.0
193,Al1 Cr1 Fe1 Ni1,BCC+B2,CAST,6.3,843.2,133.84126984126985,0.0,0.25,0.0,0.0,0.0,0.0,0.25,0.0,0.25,0.0,0.0,0.0,0.0,0.0,0.0,0.0,0.0,0.25,0.0,0.0,0.0,0.0,0.0,0.0,0.0,0.0,0.0,0.0,0.0,0.0
193,Al1 Cr0.889 Fe0.889 Ni0.889,BCC+B2,CAST,6.1,1044.0,171.14754098360658,0.0,0.273,0.0,0.0,0.0,0.0,0.242,0.0,0.242,0.0,0.0,0.0,0.0,0.0,0.0,0.0,0.0,0.242,0.0,0.0,0.0,0.0,0.0,0.0,0.0,0.0,0.0,0.0,0.0,0.0
193,Al1 Cr0.828 Fe0.828 Ni0.828,BCC+B2,CAST,6.0,906.8,151.13333333333333,0.0,0.287,0.0,0.0,0.0,0.0,0.238,0.0,0.238,0.0,0.0,0.0,0.0,0.0,0.0,0.0,0.0,0.238,0.0,0.0,0.0,0.0,0.0,0.0,0.0,0.0,0.0,0.0,0.0,0.0
193,Al1 Cr0.767 Fe0.767 Ni0.767,BCC+B2,CAST,5.9,1122.8,190.30508474576268,0.0,0.303,0.0,0.0,0.0,0.0,0.232,0.0,0.232,0.0,0.0,0.0,0.0,0.0,0.0,0.0,0.0,0.232,0.0,0.0,0.0,0.0,0.0,0.0,0.0,0.0,0.0,0.0,0.0,0.0
202,Co1 Cr1 Fe1 Mn1 Ni1,FCC,ANNEAL,8.0,230.0,28.75,0.0,0.0,0.0,0.0,0.0,0.2,0.2,0.0,0.2,0.0,0.0,0.0,0.0,0.2,0.0,0.0,0.0,0.2,0.0,0.0,0.0,0.0,0.0,0.0,0.0,0.0,0.0,0.0,0.0,0.0
202,Co1 Cr1 Fe1 Mn1 Ni1 V0.263,FCC+Sec.,ANNEAL,7.9,200.0,25.31645569620253,0.0,0.0,0.0,0.0,0.0,0.19,0.19,0.0,0.19,0.0,0.0,0.0,0.0,0.19,0.0,0.0,0.0,0.19,0.0,0.0,0.0,0.0,0.0,0.0,0.0,0.05,0.0,0.0,0.0,0.0
202,Co1 Cr1 Fe1 Mn1 Ni1 V0.5,FCC+Sec.,ANNEAL,7.8,620.0,79.48717948717949,0.0,0.0,0.0,0.0,0.0,0.182,0.182,0.0,0.182,0.0,0.0,0.0,0.0,0.182,0.0,0.0,0.0,0.182,0.0,0.0,0.0,0.0,0.0,0.0,0.0,0.091,0.0,0.0,0.0,0.0
202,Co1 Cr1 Fe1 Mn1 Ni1 V0.765,FCC+Sec.,ANNEAL,7.7,780.0,101.2987012987013,0.0,0.0,0.0,0.0,0.0,0.173,0.173,0.0,0.173,0.0,0.0,0.0,0.0,0.173,0.0,0.0,0.0,0.173,0.0,0.0,0.0,0.0,0.0,0.0,0.0,0.133,0.0,0.0,0.0,0.0
202,Co1 Cr1 Fe1 Mn1 Ni1 V1,FCC+Sec.,ANNEAL,7.7,1700.0,220.77922077922076,0.0,0.0,0.0,0.0,0.0,0.167,0.167,0.0,0.167,0.0,0.0,0.0,0.0,0.167,0.0,0.0,0.0,0.167,0.0,0.0,0.0,0.0,0.0,0.0,0.0,0.167,0.0,0.0,0.0,0.0
115,Co1 Cr1 Fe1 Mn1 Ni1,FCC,CAST,8.0,210.0,26.25,0.0,0.0,0.0,0.0,0.0,0.2,0.2,0.0,0.2,0.0,0.0,0.0,0.0,0.2,0.0,0.0,0.0,0.2,0.0,0.0,0.0,0.0,0.0,0.0,0.0,0.0,0.0,0.0,0.0,0.0
115,Co1 Cr1 Fe1 Mn1 Ni1,FCC,WROUGHT,8.0,1150.0,143.75,0.0,0.0,0.0,0.0,0.0,0.2,0.2,0.0,0.2,0.0,0.0,0.0,0.0,0.2,0.0,0.0,0.0,0.2,0.0,0.0,0.0,0.0,0.0,0.0,0.0,0.0,0.0,0.0,0.0,0.0
115,Co1 Cr1 Fe1 Mn1 Ni1,FCC,WROUGHT,8.0,1300.0,162.5,0.0,0.0,0.0,0.0,0.0,0.2,0.2,0.0,0.2,0.0,0.0,0.0,0.0,0.2,0.0,0.0,0.0,0.2,0.0,0.0,0.0,0.0,0.0,0.0,0.0,0.0,0.0,0.0,0.0,0.0
125,Nb1 Ta1 Ti1 V1,BCC,POWDER,9.2,1108.0,120.43478260869566,0.0,0.0,0.0,0.0,0.0,0.0,0.0,0.0,0.0,0.0,0.0,0.0,0.0,0.0,0.0,0.25,0.0,0.0,0.0,0.0,0.0,0.0,0.0,0.25,0.25,0.25,0.0,0.0,0.0,0.0
125,Nb1 Ta1 Ti1 V1,BCC,POWDER,9.2,1308.0,142.17391304347828,0.0,0.0,0.0,0.0,0.0,0.0,0.0,0.0,0.0,0.0,0.0,0.0,0.0,0.0,0.0,0.25,0.0,0.0,0.0,0.0,0.0,0.0,0.0,0.25,0.25,0.25,0.0,0.0,0.0,0.0
125,Nb1 Ta1 Ti1 V1,BCC,POWDER,9.2,1373.0,149.23913043478262,0.0,0.0,0.0,0.0,0.0,0.0,0.0,0.0,0.0,0.0,0.0,0.0,0.0,0.0,0.0,0.25,0.0,0.0,0.0,0.0,0.0,0.0,0.0,0.25,0.25,0.25,0.0,0.0,0.0,0.0
136,Co1 Cr1 Fe1 Mn1 Ni1,FCC+BCC,CAST,8.0,1314.0,164.25,0.0,0.0,0.0,0.0,0.0,0.2,0.2,0.0,0.2,0.0,0.0,0.0,0.0,0.2,0.0,0.0,0.0,0.2,0.0,0.0,0.0,0.0,0.0,0.0,0.0,0.0,0.0,0.0,0.0,0.0
136,Al0.1 Co1 Cr1 Fe1 Mn1 Ni1,FCC+BCC,CAST,7.9,1631.0,206.45569620253164,0.0,0.02,0.0,0.0,0.0,0.196,0.196,0.0,0.196,0.0,0.0,0.0,0.0,0.196,0.0,0.0,0.0,0.196,0.0,0.0,0.0,0.0,0.0,0.0,0.0,0.0,0.0,0.0,0.0,0.0
136,Al0.3 Co1 Cr1 Fe1 Mn1 Ni1,FCC+BCC,CAST,7.6,1836.0,241.57894736842107,0.0,0.057,0.0,0.0,0.0,0.189,0.189,0.0,0.189,0.0,0.0,0.0,0.0,0.189,0.0,0.0,0.0,0.189,0.0,0.0,0.0,0.0,0.0,0.0,0.0,0.0,0.0,0.0,0.0,0.0
136,Al0.5 Co1 Cr1 Fe1 Mn1 Ni1,FCC+BCC,CAST,7.4,1932.0,261.0810810810811,0.0,0.091,0.0,0.0,0.0,0.182,0.182,0.0,0.182,0.0,0.0,0.0,0.0,0.182,0.0,0.0,0.0,0.182,0.0,0.0,0.0,0.0,0.0,0.0,0.0,0.0,0.0,0.0,0.0,0.0
136,Al0.7 Co1 Cr1 Fe1 Mn1 Ni1,FCC+BCC,CAST,7.1,2230.0,314.08450704225356,0.0,0.123,0.0,0.0,0.0,0.175,0.175,0.0,0.175,0.0,0.0,0.0,0.0,0.175,0.0,0.0,0.0,0.175,0.0,0.0,0.0,0.0,0.0,0.0,0.0,0.0,0.0,0.0,0.0,0.0
139,Co1 Cr1 Fe1 Mn1 Ni1,FCC,CAST,8.0,216.0,27.0,0.0,0.0,0.0,0.0,0.0,0.2,0.2,0.0,0.2,0.0,0.0,0.0,0.0,0.2,0.0,0.0,0.0,0.2,0.0,0.0,0.0,0.0,0.0,0.0,0.0,0.0,0.0,0.0,0.0,0.0
139,Co1 Cr1 Fe1 Mn1 Mo0.042 Ni1,FCC,CAST,8.1,225.0,27.77777777777778,0.0,0.0,0.0,0.0,0.0,0.198,0.198,0.0,0.198,0.0,0.0,0.0,0.0,0.198,0.008,0.0,0.0,0.198,0.0,0.0,0.0,0.0,0.0,0.0,0.0,0.0,0.0,0.0,0.0,0.0
139,Co1 Cr1 Fe1 Mn1 Mo0.087 Ni1,FCC+Sec.,CAST,8.1,330.0,40.74074074074074,0.0,0.0,0.0,0.0,0.0,0.197,0.197,0.0,0.197,0.0,0.0,0.0,0.0,0.197,0.017,0.0,0.0,0.197,0.0,0.0,0.0,0.0,0.0,0.0,0.0,0.0,0.0,0.0,0.0,0.0
139,Co1 Cr1 Fe1 Mn1 Mo0.136 Ni1,FCC+Sec.,CAST,8.1,560.0,69.13580246913581,0.0,0.0,0.0,0.0,0.0,0.195,0.195,0.0,0.195,0.0,0.0,0.0,0.0,0.195,0.026,0.0,0.0,0.195,0.0,0.0,0.0,0.0,0.0,0.0,0.0,0.0,0.0,0.0,0.0,0.0
139,Co1 Cr1 Fe1 Mn1 Mo0.19 Ni1,FCC+Sec.,CAST,8.1,765.0,94.44444444444444,0.0,0.0,0.0,0.0,0.0,0.193,0.193,0.0,0.193,0.0,0.0,0.0,0.0,0.193,0.037,0.0,0.0,0.193,0.0,0.0,0.0,0.0,0.0,0.0,0.0,0.0,0.0,0.0,0.0,0.0
142,Al1 Co1 Cr1 Ni1,BCC+B2,CAST,6.4,1750.0,273.4375,0.0,0.25,0.0,0.0,0.0,0.25,0.25,0.0,0.0,0.0,0.0,0.0,0.0,0.0,0.0,0.0,0.0,0.25,0.0,0.0,0.0,0.0,0.0,0.0,0.0,0.0,0.0,0.0,0.0,0.0
147,Cr1 Mo1 Nb1 Ta1 V1 W1,BCC+Laves+Sec.,POWDER,11.7,3416.0,291.965811965812,0.0,0.0,0.0,0.0,0.0,0.0,0.167,0.0,0.0,0.0,0.0,0.0,0.0,0.0,0.167,0.167,0.0,0.0,0.0,0.0,0.0,0.0,0.0,0.167,0.0,0.167,0.167,0.0,0.0,0.0
147,Cr1 Mo1 Nb1 Ta1 V1 W1,BCC+Laves+Sec.,POWDER,11.7,3410.0,291.45299145299145,0.0,0.0,0.0,0.0,0.0,0.0,0.167,0.0,0.0,0.0,0.0,0.0,0.0,0.0,0.167,0.167,0.0,0.0,0.0,0.0,0.0,0.0,0.0,0.167,0.0,0.167,0.167,0.0,0.0,0.0
147,Cr1 Mo1 Nb1 Ta1 V1 W1,BCC+Laves+Sec.,POWDER,11.7,3338.0,285.2991452991453,0.0,0.0,0.0,0.0,0.0,0.0,0.167,0.0,0.0,0.0,0.0,0.0,0.0,0.0,0.167,0.167,0.0,0.0,0.0,0.0,0.0,0.0,0.0,0.167,0.0,0.167,0.167,0.0,0.0,0.0
153,Al0.544 C0.001 Co0.69 Fe1 Ni0.69,B2+L12,CAST,7.0,1202.0,171.71428571428572,0.0,0.186,0.0,0.0,0.0,0.236,0.0,0.0,0.342,0.0,0.0,0.0,0.0,0.0,0.0,0.0,0.0,0.236,0.0,0.0,0.0,0.0,0.0,0.0,0.0,0.0,0.0,0.0,0.0,0.0
206,Cr0.286 Mo0.476 Nb1 Ta0.024 Ti0.31 V0.286,BCC+Sec.,POWDER,8.0,2680.0,335.0,0.0,0.0,0.0,0.0,0.0,0.0,0.12,0.0,0.0,0.0,0.0,0.0,0.0,0.0,0.2,0.42,0.0,0.0,0.0,0.0,0.0,0.0,0.0,0.01,0.13,0.12,0.0,0.0,0.0,0.0
207,Hf1 Mo1 Nb1 Ti1 Zr1,BCC,CAST,8.7,1719.0,197.58620689655174,0.0,0.0,0.0,0.0,0.0,0.0,0.0,0.0,0.0,0.0,0.2,0.0,0.0,0.0,0.2,0.2,0.0,0.0,0.0,0.0,0.0,0.0,0.0,0.0,0.2,0.0,0.0,0.0,0.0,0.2
215,Al1 Co1 Cr1 Fe1 Ni1,B2+BCC,CAST,6.7,1631.0,243.43283582089552,0.0,0.2,0.0,0.0,0.0,0.2,0.2,0.0,0.2,0.0,0.0,0.0,0.0,0.0,0.0,0.0,0.0,0.2,0.0,0.0,0.0,0.0,0.0,0.0,0.0,0.0,0.0,0.0,0.0,0.0
215,Al1 Co1 Cr1 Fe1 Ni1,B2+BCC,CAST,6.7,1209.0,180.44776119402985,0.0,0.2,0.0,0.0,0.0,0.2,0.2,0.0,0.2,0.0,0.0,0.0,0.0,0.0,0.0,0.0,0.0,0.2,0.0,0.0,0.0,0.0,0.0,0.0,0.0,0.0,0.0,0.0,0.0,0.0
219,Mo1 Nb1 Re0.5 W1,BCC,CAST,13.7,896.0,65.4014598540146,0.0,0.0,0.0,0.0,0.0,0.0,0.0,0.0,0.0,0.0,0.0,0.0,0.0,0.0,0.286,0.286,0.0,0.0,0.0,0.143,0.0,0.0,0.0,0.0,0.0,0.0,0.286,0.0,0.0,0.0
219,C0.2 Mo1 Nb1 Re0.5 Ta0.2 W1,BCC+Sec.,CAST,13.5,1074.0,79.55555555555556,0.0,0.0,0.0,0.051,0.0,0.0,0.0,0.0,0.0,0.0,0.0,0.0,0.0,0.0,0.256,0.256,0.0,0.0,0.0,0.128,0.0,0.0,0.0,0.051,0.0,0.0,0.256,0.0,0.0,0.0
219,C0.4 Mo1 Nb1 Re0.5 Ta0.4 W1,BCC+Sec.,CAST,13.4,1144.0,85.3731343283582,0.0,0.0,0.0,0.093,0.0,0.0,0.0,0.0,0.0,0.0,0.0,0.0,0.0,0.0,0.233,0.233,0.0,0.0,0.0,0.116,0.0,0.0,0.0,0.093,0.0,0.0,0.233,0.0,0.0,0.0
219,C0.5 Mo1 Nb1 Re0.5 Ta0.5 W1,BCC+Sec.,CAST,13.3,1202.0,90.37593984962406,0.0,0.0,0.0,0.111,0.0,0.0,0.0,0.0,0.0,0.0,0.0,0.0,0.0,0.0,0.222,0.222,0.0,0.0,0.0,0.111,0.0,0.0,0.0,0.111,0.0,0.0,0.222,0.0,0.0,0.0
219,C0.6 Mo1 Nb1 Re0.5 Ta0.6 W1,BCC+Sec.,CAST,13.3,1241.0,93.30827067669172,0.0,0.0,0.0,0.128,0.0,0.0,0.0,0.0,0.0,0.0,0.0,0.0,0.0,0.0,0.213,0.213,0.0,0.0,0.0,0.106,0.0,0.0,0.0,0.128,0.0,0.0,0.213,0.0,0.0,0.0
224,Al1 Co0.5 Cr0.5 Fe0.5 Ni0.5,BCC+B2,CAST,5.9,1241.0,210.33898305084745,0.0,0.333,0.0,0.0,0.0,0.167,0.167,0.0,0.167,0.0,0.0,0.0,0.0,0.0,0.0,0.0,0.0,0.167,0.0,0.0,0.0,0.0,0.0,0.0,0.0,0.0,0.0,0.0,0.0,0.0
224,Al1 Co0.556 Cr0.556 Fe0.556 Ni0.556 Ti0.111,BCC+B2,CAST,5.9,1324.0,224.40677966101694,0.0,0.3,0.0,0.0,0.0,0.167,0.167,0.0,0.167,0.0,0.0,0.0,0.0,0.0,0.0,0.0,0.0,0.167,0.0,0.0,0.0,0.0,0.0,0.0,0.033,0.0,0.0,0.0,0.0,0.0
224,Al1 Co0.667 Cr0.667 Fe0.667 Ni0.667 Ti0.333,BCC+B2,CAST,6.1,1566.0,256.72131147540983,0.0,0.25,0.0,0.0,0.0,0.167,0.167,0.0,0.167,0.0,0.0,0.0,0.0,0.0,0.0,0.0,0.0,0.167,0.0,0.0,0.0,0.0,0.0,0.0,0.083,0.0,0.0,0.0,0.0,0.0
224,Al1 Co0.833 Cr0.833 Fe0.833 Ni0.833 Ti0.667,BCC+B2,CAST,6.2,1503.0,242.41935483870967,0.0,0.2,0.0,0.0,0.0,0.167,0.167,0.0,0.167,0.0,0.0,0.0,0.0,0.0,0.0,0.0,0.0,0.167,0.0,0.0,0.0,0.0,0.0,0.0,0.133,0.0,0.0,0.0,0.0,0.0
224,Al1 Co1 Cr1 Fe1 Ni1 Ti1,BCC+B2+Laves,CAST,6.2,1448.0,233.54838709677418,0.0,0.167,0.0,0.0,0.0,0.167,0.167,0.0,0.167,0.0,0.0,0.0,0.0,0.0,0.0,0.0,0.0,0.167,0.0,0.0,0.0,0.0,0.0,0.0,0.167,0.0,0.0,0.0,0.0,0.0
224,Al0.667 Co0.833 Cr0.833 Fe0.833 Ni0.833 Ti1,BCC+B2+Laves,CAST,6.3,1272.0,201.9047619047619,0.0,0.133,0.0,0.0,0.0,0.167,0.167,0.0,0.167,0.0,0.0,0.0,0.0,0.0,0.0,0.0,0.0,0.167,0.0,0.0,0.0,0.0,0.0,0.0,0.2,0.0,0.0,0.0,0.0,0.0
230,Hf1 Nb1 Ta1 Ti1 W1 Zr1,BCC+Laves,CAST,11.2,1550.0,138.39285714285714,0.0,0.0,0.0,0.0,0.0,0.0,0.0,0.0,0.0,0.0,0.167,0.0,0.0,0.0,0.0,0.167,0.0,0.0,0.0,0.0,0.0,0.0,0.0,0.167,0.167,0.0,0.167,0.0,0.0,0.167
230,Hf1 Mo1 Nb1 Ta1 Ti1 W1 Zr1,BCC+Laves,CAST,11.1,1637.0,147.4774774774775,0.0,0.0,0.0,0.0,0.0,0.0,0.0,0.0,0.0,0.0,0.143,0.0,0.0,0.0,0.143,0.143,0.0,0.0,0.0,0.0,0.0,0.0,0.0,0.143,0.143,0.0,0.143,0.0,0.0,0.143
231,Nb1 Ti1 Zr1,BCC,CAST,6.5,1223.0,188.15384615384616,0.0,0.0,0.0,0.0,0.0,0.0,0.0,0.0,0.0,0.0,0.0,0.0,0.0,0.0,0.0,0.333,0.0,0.0,0.0,0.0,0.0,0.0,0.0,0.0,0.333,0.0,0.0,0.0,0.0,0.333
231,Hf1 Nb1 Ti1 Zr1,BCC,CAST,8.4,1000.0,119.04761904761904,0.0,0.0,0.0,0.0,0.0,0.0,0.0,0.0,0.0,0.0,0.25,0.0,0.0,0.0,0.0,0.25,0.0,0.0,0.0,0.0,0.0,0.0,0.0,0.0,0.25,0.0,0.0,0.0,0.0,0.25
232,Co1 Cr1 Fe1 Ni1,FCC,CAST,8.2,163.0,19.878048780487806,0.0,0.0,0.0,0.0,0.0,0.25,0.25,0.0,0.25,0.0,0.0,0.0,0.0,0.0,0.0,0.0,0.0,0.25,0.0,0.0,0.0,0.0,0.0,0.0,0.0,0.0,0.0,0.0,0.0,0.0
232,Co1 Cr1 Fe1 Ni1 W0.2,FCC,CAST,8.9,335.0,37.640449438202246,0.0,0.0,0.0,0.0,0.0,0.238,0.238,0.0,0.238,0.0,0.0,0.0,0.0,0.0,0.0,0.0,0.0,0.238,0.0,0.0,0.0,0.0,0.0,0.0,0.0,0.0,0.048,0.0,0.0,0.0
232,Co1 Cr1 Fe1 Ni1 W0.5,FCC+Sec.,CAST,9.8,556.0,56.73469387755102,0.0,0.0,0.0,0.0,0.0,0.222,0.222,0.0,0.222,0.0,0.0,0.0,0.0,0.0,0.0,0.0,0.0,0.222,0.0,0.0,0.0,0.0,0.0,0.0,0.0,0.0,0.111,0.0,0.0,0.0
233,Cr1 Fe1 Mo1 Nb1 V1,BCC+Laves,CAST,8.1,2663.0,328.7654320987655,0.0,0.0,0.0,0.0,0.0,0.0,0.2,0.0,0.2,0.0,0.0,0.0,0.0,0.0,0.2,0.2,0.0,0.0,0.0,0.0,0.0,0.0,0.0,0.0,0.0,0.2,0.0,0.0,0.0,0.0
233,Cr1 Fe1 Mo1 Nb1 Ti1,BCC+Laves,CAST,7.6,1647.0,216.71052631578948,0.0,0.0,0.0,0.0,0.0,0.0,0.2,0.0,0.2,0.0,0.0,0.0,0.0,0.0,0.2,0.2,0.0,0.0,0.0,0.0,0.0,0.0,0.0,0.0,0.2,0.0,0.0,0.0,0.0,0.0
233,Fe1 Mo1 Nb1 Ti1 V1,BCC+B2,CAST,7.4,1707.0,230.67567567567568,0.0,0.0,0.0,0.0,0.0,0.0,0.0,0.0,0.2,0.0,0.0,0.0,0.0,0.0,0.2,0.2,0.0,0.0,0.0,0.0,0.0,0.0,0.0,0.0,0.2,0.2,0.0,0.0,0.0,0.0
239,Hf0.25 Ti1 V0.5 Zr0.5,BCC,CAST,6.5,1160.0,178.46153846153845,0.0,0.0,0.0,0.0,0.0,0.0,0.0,0.0,0.0,0.0,0.111,0.0,0.0,0.0,0.0,0.0,0.0,0.0,0.0,0.0,0.0,0.0,0.0,0.0,0.444,0.222,0.0,0.0,0.0,0.222
239,Hf0.25 Nb0.125 Ti1 V0.5 Zr0.5,BCC,CAST,6.6,1115.0,168.93939393939394,0.0,0.0,0.0,0.0,0.0,0.0,0.0,0.0,0.0,0.0,0.105,0.0,0.0,0.0,0.0,0.053,0.0,0.0,0.0,0.0,0.0,0.0,0.0,0.0,0.421,0.211,0.0,0.0,0.0,0.211
239,Hf0.25 Nb0.25 Ti1 V0.5 Zr0.5,BCC,CAST,6.7,1065.0,158.955223880597,0.0,0.0,0.0,0.0,0.0,0.0,0.0,0.0,0.0,0.0,0.1,0.0,0.0,0.0,0.0,0.1,0.0,0.0,0.0,0.0,0.0,0.0,0.0,0.0,0.4,0.2,0.0,0.0,0.0,0.2
239,Hf0.25 Nb0.375 Ti1 V0.5 Zr0.5,BCC,CAST,6.8,1025.0,150.73529411764707,0.0,0.0,0.0,0.0,0.0,0.0,0.0,0.0,0.0,0.0,0.095,0.0,0.0,0.0,0.0,0.143,0.0,0.0,0.0,0.0,0.0,0.0,0.0,0.0,0.381,0.19,0.0,0.0,0.0,0.19
239,Hf0.25 Nb0.5 Ti1 V0.5 Zr0.5,BCC,CAST,6.9,980.0,142.02898550724638,0.0,0.0,0.0,0.0,0.0,0.0,0.0,0.0,0.0,0.0,0.091,0.0,0.0,0.0,0.0,0.182,0.0,0.0,0.0,0.0,0.0,0.0,0.0,0.0,0.364,0.182,0.0,0.0,0.0,0.182
243,Al1 Co1 Cr1 Fe1 Ni1,BCC+FCC,POWDER,6.7,1221.1,182.25373134328356,0.0,0.2,0.0,0.0,0.0,0.2,0.2,0.0,0.2,0.0,0.0,0.0,0.0,0.0,0.0,0.0,0.0,0.2,0.0,0.0,0.0,0.0,0.0,0.0,0.0,0.0,0.0,0.0,0.0,0.0
243,Al1 Co1 Cr1 Fe1 Ni1,BCC+FCC,POWDER,6.7,1186.7,177.11940298507463,0.0,0.2,0.0,0.0,0.0,0.2,0.2,0.0,0.2,0.0,0.0,0.0,0.0,0.0,0.0,0.0,0.0,0.2,0.0,0.0,0.0,0.0,0.0,0.0,0.0,0.0,0.0,0.0,0.0,0.0
243,Al1 Co1 Cr1 Fe1 Ni1,BCC+FCC,POWDER,6.7,1112.9,166.1044776119403,0.0,0.2,0.0,0.0,0.0,0.2,0.2,0.0,0.2,0.0,0.0,0.0,0.0,0.0,0.0,0.0,0.0,0.2,0.0,0.0,0.0,0.0,0.0,0.0,0.0,0.0,0.0,0.0,0.0,0.0
244,Cr1 Mo1 Nb1 Ti1 W1,BCC+Laves,POWDER,9.9,2500.0,252.5252525252525,0.0,0.0,0.0,0.0,0.0,0.0,0.2,0.0,0.0,0.0,0.0,0.0,0.0,0.0,0.2,0.2,0.0,0.0,0.0,0.0,0.0,0.0,0.0,0.0,0.2,0.0,0.2,0.0,0.0,0.0
244,Cr1 Mo1 Nb1 Ti1 W1,BCC+Laves,POWDER,9.9,1260.0,127.27272727272727,0.0,0.0,0.0,0.0,0.0,0.0,0.2,0.0,0.0,0.0,0.0,0.0,0.0,0.0,0.2,0.2,0.0,0.0,0.0,0.0,0.0,0.0,0.0,0.0,0.2,0.0,0.2,0.0,0.0,0.0
244,Cr1 Mo1 Nb1 Ti1 W1,BCC+Laves,POWDER,9.9,1630.0,164.64646464646464,0.0,0.0,0.0,0.0,0.0,0.0,0.2,0.0,0.0,0.0,0.0,0.0,0.0,0.0,0.2,0.2,0.0,0.0,0.0,0.0,0.0,0.0,0.0,0.0,0.2,0.0,0.2,0.0,0.0,0.0
244,Cr1 Mo1 Nb1 Ti1 W1,BCC+Laves,POWDER,9.9,2030.0,205.05050505050505,0.0,0.0,0.0,0.0,0.0,0.0,0.2,0.0,0.0,0.0,0.0,0.0,0.0,0.0,0.2,0.2,0.0,0.0,0.0,0.0,0.0,0.0,0.0,0.0,0.2,0.0,0.2,0.0,0.0,0.0
244,Cr1 Mo1 Nb1 Ti1 W1,BCC+Laves,POWDER,9.9,1920.0,193.93939393939394,0.0,0.0,0.0,0.0,0.0,0.0,0.2,0.0,0.0,0.0,0.0,0.0,0.0,0.0,0.2,0.2,0.0,0.0,0.0,0.0,0.0,0.0,0.0,0.0,0.2,0.0,0.2,0.0,0.0,0.0
246,Al1 Co1 Cr1 Fe1 Ni1,BCC+B2+FCC,POWDER,6.7,520.0,77.61194029850746,0.0,0.2,0.0,0.0,0.0,0.2,0.2,0.0,0.2,0.0,0.0,0.0,0.0,0.0,0.0,0.0,0.0,0.2,0.0,0.0,0.0,0.0,0.0,0.0,0.0,0.0,0.0,0.0,0.0,0.0
246,Al1 Co1 Cr1 Fe1 Ni1,BCC+B2+FCC,POWDER,6.7,1150.0,171.6417910447761,0.0,0.2,0.0,0.0,0.0,0.2,0.2,0.0,0.2,0.0,0.0,0.0,0.0,0.0,0.0,0.0,0.0,0.2,0.0,0.0,0.0,0.0,0.0,0.0,0.0,0.0,0.0,0.0,0.0,0.0
246,Al1 Co1 Cr1 Fe1 Ni1,BCC+B2+FCC,POWDER,6.7,1287.0,192.08955223880596,0.0,0.2,0.0,0.0,0.0,0.2,0.2,0.0,0.2,0.0,0.0,0.0,0.0,0.0,0.0,0.0,0.0,0.2,0.0,0.0,0.0,0.0,0.0,0.0,0.0,0.0,0.0,0.0,0.0,0.0
246,Al1 Co1 Cr1 Fe1 Ni1,BCC+B2+FCC,POWDER,6.7,1286.0,191.94029850746267,0.0,0.2,0.0,0.0,0.0,0.2,0.2,0.0,0.2,0.0,0.0,0.0,0.0,0.0,0.0,0.0,0.0,0.2,0.0,0.0,0.0,0.0,0.0,0.0,0.0,0.0,0.0,0.0,0.0,0.0
246,Al1 Co1 Cr1 Fe1 Ni1,BCC+B2+FCC,POWDER,6.7,1390.0,207.46268656716418,0.0,0.2,0.0,0.0,0.0,0.2,0.2,0.0,0.2,0.0,0.0,0.0,0.0,0.0,0.0,0.0,0.0,0.2,0.0,0.0,0.0,0.0,0.0,0.0,0.0,0.0,0.0,0.0,0.0,0.0
246,Al1 Co1 Cr1 Fe1 Ni1,BCC+B2+FCC,POWDER,6.7,1626.0,242.6865671641791,0.0,0.2,0.0,0.0,0.0,0.2,0.2,0.0,0.2,0.0,0.0,0.0,0.0,0.0,0.0,0.0,0.0,0.2,0.0,0.0,0.0,0.0,0.0,0.0,0.0,0.0,0.0,0.0,0.0,0.0
250,Al0.5 Nb1 Ta0.5 Ti1 Zr1,BCC+HCP,WROUGHT,7.3,1500.0,205.47945205479454,0.0,0.125,0.0,0.0,0.0,0.0,0.0,0.0,0.0,0.0,0.0,0.0,0.0,0.0,0.0,0.25,0.0,0.0,0.0,0.0,0.0,0.0,0.0,0.125,0.25,0.0,0.0,0.0,0.0,0.25
250,Al0.5 Nb1 Ta0.5 Ti1 Zr1,BCC+HCP,WROUGHT,7.3,1200.0,164.38356164383563,0.0,0.125,0.0,0.0,0.0,0.0,0.0,0.0,0.0,0.0,0.0,0.0,0.0,0.0,0.0,0.25,0.0,0.0,0.0,0.0,0.0,0.0,0.0,0.125,0.25,0.0,0.0,0.0,0.0,0.25
250,Al0.5 Nb1 Ta0.5 Ti1 Zr1,BCC+HCP,WROUGHT,7.3,2100.0,287.67123287671234,0.0,0.125,0.0,0.0,0.0,0.0,0.0,0.0,0.0,0.0,0.0,0.0,0.0,0.0,0.0,0.25,0.0,0.0,0.0,0.0,0.0,0.0,0.0,0.125,0.25,0.0,0.0,0.0,0.0,0.25
250,Al0.5 Nb1 Ta0.5 Ti1 Zr1,BCC+HCP,WROUGHT,7.3,1740.0,238.35616438356166,0.0,0.125,0.0,0.0,0.0,0.0,0.0,0.0,0.0,0.0,0.0,0.0,0.0,0.0,0.0,0.25,0.0,0.0,0.0,0.0,0.0,0.0,0.0,0.125,0.25,0.0,0.0,0.0,0.0,0.25
250,Al0.5 Nb1 Ta0.5 Ti1 Zr1,BCC+HCP,WROUGHT,7.3,1630.0,223.2876712328767,0.0,0.125,0.0,0.0,0.0,0.0,0.0,0.0,0.0,0.0,0.0,0.0,0.0,0.0,0.0,0.25,0.0,0.0,0.0,0.0,0.0,0.0,0.0,0.125,0.25,0.0,0.0,0.0,0.0,0.25
251,Mo1 Nb1 Ta1 W1,BCC,POWDER,13.7,1217.0,88.83211678832117,0.0,0.0,0.0,0.0,0.0,0.0,0.0,0.0,0.0,0.0,0.0,0.0,0.0,0.0,0.25,0.25,0.0,0.0,0.0,0.0,0.0,0.0,0.0,0.25,0.0,0.0,0.25,0.0,0.0,0.0
251,Mo1 Nb1 Si0.25 Ta1 W1,BCC+Sec.,POWDER,12.9,1826.0,141.5503875968992,0.0,0.0,0.0,0.0,0.0,0.0,0.0,0.0,0.0,0.0,0.0,0.0,0.0,0.0,0.235,0.235,0.0,0.0,0.0,0.0,0.0,0.059,0.0,0.235,0.0,0.0,0.235,0.0,0.0,0.0
251,Mo1 Nb1 Si0.5 Ta1 W1,BCC+Sec.,POWDER,12.2,1883.0,154.344262295082,0.0,0.0,0.0,0.0,0.0,0.0,0.0,0.0,0.0,0.0,0.0,0.0,0.0,0.0,0.222,0.222,0.0,0.0,0.0,0.0,0.0,0.111,0.0,0.222,0.0,0.0,0.222,0.0,0.0,0.0
251,Mo1 Nb1 Si0.75 Ta1 W1,BCC+Sec.,POWDER,11.6,2483.0,214.05172413793105,0.0,0.0,0.0,0.0,0.0,0.0,0.0,0.0,0.0,0.0,0.0,0.0,0.0,0.0,0.211,0.211,0.0,0.0,0.0,0.0,0.0,0.158,0.0,0.211,0.0,0.0,0.211,0.0,0.0,0.0
253,C0.1 Co1 Cr1 Fe1 Mn1 Ni1 Ti0.1,FCC+Sec.,POWDER,7.8,1616.0,207.17948717948718,0.0,0.0,0.0,0.019,0.0,0.192,0.192,0.0,0.192,0.0,0.0,0.0,0.0,0.192,0.0,0.0,0.0,0.192,0.0,0.0,0.0,0.0,0.0,0.0,0.019,0.0,0.0,0.0,0.0,0.0
253,C0.1 Co1 Cr1 Fe1 Mn1 Ni1 Ti0.1,FCC+Sec.,POWDER,7.8,1652.0,211.7948717948718,0.0,0.0,0.0,0.019,0.0,0.192,0.192,0.0,0.192,0.0,0.0,0.0,0.0,0.192,0.0,0.0,0.0,0.192,0.0,0.0,0.0,0.0,0.0,0.0,0.019,0.0,0.0,0.0,0.0,0.0
253,C0.1 Co1 Cr1 Fe1 Mn1 Ni1 Ti0.1,FCC+Sec.,POWDER,7.8,1490.0,191.02564102564102,0.0,0.0,0.0,0.019,0.0,0.192,0.192,0.0,0.192,0.0,0.0,0.0,0.0,0.192,0.0,0.0,0.0,0.192,0.0,0.0,0.0,0.0,0.0,0.0,0.019,0.0,0.0,0.0,0.0,0.0
253,C0.1 Co1 Cr1 Fe1 Mn1 Ni1 Ti0.1,FCC+Sec.,POWDER,7.8,1194.0,153.0769230769231,0.0,0.0,0.0,0.019,0.0,0.192,0.192,0.0,0.192,0.0,0.0,0.0,0.0,0.192,0.0,0.0,0.0,0.192,0.0,0.0,0.0,0.0,0.0,0.0,0.019,0.0,0.0,0.0,0.0,0.0
263,Al1 Co1 Cu1 Fe1 Ni0.5,FCC+BCC+B2,CAST,6.9,929.0,134.63768115942028,0.0,0.222,0.0,0.0,0.0,0.222,0.0,0.222,0.222,0.0,0.0,0.0,0.0,0.0,0.0,0.0,0.0,0.111,0.0,0.0,0.0,0.0,0.0,0.0,0.0,0.0,0.0,0.0,0.0,0.0
263,Al1 Co1 Cu1 Fe1 Ni0.8,FCC+BCC+B2,CAST,7.0,1021.0,145.85714285714286,0.0,0.208,0.0,0.0,0.0,0.208,0.0,0.208,0.208,0.0,0.0,0.0,0.0,0.0,0.0,0.0,0.0,0.167,0.0,0.0,0.0,0.0,0.0,0.0,0.0,0.0,0.0,0.0,0.0,0.0
263,Al1 Co1 Cu1 Fe1 Ni1,FCC+BCC+B2,CAST,7.0,994.0,142.0,0.0,0.2,0.0,0.0,0.0,0.2,0.0,0.2,0.2,0.0,0.0,0.0,0.0,0.0,0.0,0.0,0.0,0.2,0.0,0.0,0.0,0.0,0.0,0.0,0.0,0.0,0.0,0.0,0.0,0.0
263,Al0.667 Co0.667 Cu0.667 Fe0.667 Ni1,FCC+BCC+B2,CAST,7.2,680.0,94.44444444444444,0.0,0.182,0.0,0.0,0.0,0.182,0.0,0.182,0.182,0.0,0.0,0.0,0.0,0.0,0.0,0.0,0.0,0.273,0.0,0.0,0.0,0.0,0.0,0.0,0.0,0.0,0.0,0.0,0.0,0.0
263,Al0.5 Co0.5 Cu0.5 Fe0.5 Ni1,FCC+BCC+B2,CAST,7.3,544.0,74.52054794520548,0.0,0.167,0.0,0.0,0.0,0.167,0.0,0.167,0.167,0.0,0.0,0.0,0.0,0.0,0.0,0.0,0.0,0.333,0.0,0.0,0.0,0.0,0.0,0.0,0.0,0.0,0.0,0.0,0.0,0.0
263,Al0.333 Co0.333 Cu0.333 Fe0.333 Ni1,FCC,CAST,7.5,268.0,35.733333333333334,0.0,0.143,0.0,0.0,0.0,0.143,0.0,0.143,0.143,0.0,0.0,0.0,0.0,0.0,0.0,0.0,0.0,0.429,0.0,0.0,0.0,0.0,0.0,0.0,0.0,0.0,0.0,0.0,0.0,0.0
99,Al0.5 Cr1 Fe1 Mn1 Ni1,BCC+B2,CAST,7.1,1091.0,153.66197183098592,0.0,0.111,0.0,0.0,0.0,0.0,0.222,0.0,0.222,0.0,0.0,0.0,0.0,0.222,0.0,0.0,0.0,0.222,0.0,0.0,0.0,0.0,0.0,0.0,0.0,0.0,0.0,0.0,0.0,0.0
99,Al0.6 Cr1 Fe1 Mn1 Ni1,BCC+B2,CAST,6.9,1130.0,163.76811594202897,0.0,0.13,0.0,0.0,0.0,0.0,0.217,0.0,0.217,0.0,0.0,0.0,0.0,0.217,0.0,0.0,0.0,0.217,0.0,0.0,0.0,0.0,0.0,0.0,0.0,0.0,0.0,0.0,0.0,0.0
99,Al0.7 Cr1 Fe1 Mn1 Ni1,BCC+B2,CAST,6.8,1170.0,172.05882352941177,0.0,0.149,0.0,0.0,0.0,0.0,0.213,0.0,0.213,0.0,0.0,0.0,0.0,0.213,0.0,0.0,0.0,0.213,0.0,0.0,0.0,0.0,0.0,0.0,0.0,0.0,0.0,0.0,0.0,0.0
99,Al0.8 Cr1 Fe1 Mn1 Ni1,BCC+B2,CAST,6.7,1200.0,179.1044776119403,0.0,0.167,0.0,0.0,0.0,0.0,0.208,0.0,0.208,0.0,0.0,0.0,0.0,0.208,0.0,0.0,0.0,0.208,0.0,0.0,0.0,0.0,0.0,0.0,0.0,0.0,0.0,0.0,0.0,0.0
101,Al1 Cu0.077 Fe0.077 Mg0.077 Si0.231 Zn0.077,FCC,CAST,3.2,422.0,131.875,0.0,0.65,0.0,0.0,0.0,0.0,0.0,0.05,0.05,0.0,0.0,0.0,0.05,0.0,0.0,0.0,0.0,0.0,0.0,0.0,0.0,0.15,0.0,0.0,0.0,0.0,0.0,0.0,0.05,0.0
101,Al1 Cu0.077 Mg0.077 Ni0.077 Si0.231 Zn0.077,FCC,CAST,3.2,534.0,166.875,0.0,0.65,0.0,0.0,0.0,0.0,0.0,0.05,0.0,0.0,0.0,0.0,0.05,0.0,0.0,0.0,0.0,0.05,0.0,0.0,0.0,0.15,0.0,0.0,0.0,0.0,0.0,0.0,0.05,0.0
101,Al1 Cr0.077 Cu0.077 Mg0.077 Si0.231 Zn0.077,FCC,CAST,3.1,490.0,158.06451612903226,0.0,0.65,0.0,0.0,0.0,0.0,0.05,0.05,0.0,0.0,0.0,0.0,0.05,0.0,0.0,0.0,0.0,0.0,0.0,0.0,0.0,0.15,0.0,0.0,0.0,0.0,0.0,0.0,0.05,0.0
101,Al1 Cu0.077 Mg0.077 Mn0.077 Si0.231 Zn0.077,FCC,CAST,3.2,622.0,194.375,0.0,0.65,0.0,0.0,0.0,0.0,0.0,0.05,0.0,0.0,0.0,0.0,0.05,0.05,0.0,0.0,0.0,0.0,0.0,0.0,0.0,0.15,0.0,0.0,0.0,0.0,0.0,0.0,0.05,0.0
101,Al1 Cu0.077 Mg0.077 Si0.231 Zn0.077 Zr0.077,FCC+Laves,CAST,3.2,565.0,176.5625,0.0,0.65,0.0,0.0,0.0,0.0,0.0,0.05,0.0,0.0,0.0,0.0,0.05,0.0,0.0,0.0,0.0,0.0,0.0,0.0,0.0,0.15,0.0,0.0,0.0,0.0,0.0,0.0,0.05,0.05
104,Co1 Cr1 Fe1 Mn0.2 Ni1 Pd1,FCC+Sec.,CAST,9.1,650.0,71.42857142857143,0.0,0.0,0.0,0.0,0.0,0.192,0.192,0.0,0.192,0.0,0.0,0.0,0.0,0.038,0.0,0.0,0.0,0.192,0.192,0.0,0.0,0.0,0.0,0.0,0.0,0.0,0.0,0.0,0.0,0.0
104,Co1 Cr1 Fe1 Mn0.4 Ni1 Pd1,FCC+Sec.,CAST,9.1,650.0,71.42857142857143,0.0,0.0,0.0,0.0,0.0,0.185,0.185,0.0,0.185,0.0,0.0,0.0,0.0,0.074,0.0,0.0,0.0,0.185,0.185,0.0,0.0,0.0,0.0,0.0,0.0,0.0,0.0,0.0,0.0,0.0
104,Co1 Cr1 Fe1 Mn0.6 Ni1 Pd1,FCC+Sec.,CAST,9.0,650.0,72.22222222222223,0.0,0.0,0.0,0.0,0.0,0.179,0.179,0.0,0.179,0.0,0.0,0.0,0.0,0.107,0.0,0.0,0.0,0.179,0.179,0.0,0.0,0.0,0.0,0.0,0.0,0.0,0.0,0.0,0.0,0.0
104,Co1 Cr1 Fe1 Mn0.8 Ni1 Pd1,FCC+Sec.,CAST,8.9,650.0,73.03370786516854,0.0,0.0,0.0,0.0,0.0,0.172,0.172,0.0,0.172,0.0,0.0,0.0,0.0,0.138,0.0,0.0,0.0,0.172,0.172,0.0,0.0,0.0,0.0,0.0,0.0,0.0,0.0,0.0,0.0,0.0
107,Cr1 Fe1 Ni1 Ti0.2,BCC+FCC,CAST,7.6,2297.94,302.3605263157895,0.0,0.0,0.0,0.0,0.0,0.0,0.312,0.0,0.312,0.0,0.0,0.0,0.0,0.0,0.0,0.0,0.0,0.312,0.0,0.0,0.0,0.0,0.0,0.0,0.062,0.0,0.0,0.0,0.0,0.0
107,Cr1 Fe1 Ni1 Ti0.3,BCC+FCC,CAST,7.5,2364.63,315.284,0.0,0.0,0.0,0.0,0.0,0.0,0.303,0.0,0.303,0.0,0.0,0.0,0.0,0.0,0.0,0.0,0.0,0.303,0.0,0.0,0.0,0.0,0.0,0.0,0.091,0.0,0.0,0.0,0.0,0.0
107,Cr1 Fe1 Ni1 Ti0.4,BCC,CAST,7.4,2475.41,334.5148648648648,0.0,0.0,0.0,0.0,0.0,0.0,0.294,0.0,0.294,0.0,0.0,0.0,0.0,0.0,0.0,0.0,0.0,0.294,0.0,0.0,0.0,0.0,0.0,0.0,0.118,0.0,0.0,0.0,0.0,0.0
107,Cr1 Fe1 Ni1 Ti0.5,BCC,CAST,7.3,2380.79,326.1356164383562,0.0,0.0,0.0,0.0,0.0,0.0,0.286,0.0,0.286,0.0,0.0,0.0,0.0,0.0,0.0,0.0,0.0,0.286,0.0,0.0,0.0,0.0,0.0,0.0,0.143,0.0,0.0,0.0,0.0,0.0
107,Cr1 Fe1 Ni1 Ti0.6,BCC,CAST,7.2,1923.15,267.1041666666667,0.0,0.0,0.0,0.0,0.0,0.0,0.278,0.0,0.278,0.0,0.0,0.0,0.0,0.0,0.0,0.0,0.0,0.278,0.0,0.0,0.0,0.0,0.0,0.0,0.167,0.0,0.0,0.0,0.0,0.0
108,Al1 Cr1 Cu1 Fe1 Mn1,Other,POWDER,6.5,1010.0,155.3846153846154,0.0,0.2,0.0,0.0,0.0,0.0,0.2,0.2,0.2,0.0,0.0,0.0,0.0,0.2,0.0,0.0,0.0,0.0,0.0,0.0,0.0,0.0,0.0,0.0,0.0,0.0,0.0,0.0,0.0,0.0
108,Al1 Cr1 Cu1 Fe1 Mn1 W0.05,BCC+Sec.,POWDER,6.7,1120.0,167.1641791044776,0.0,0.198,0.0,0.0,0.0,0.0,0.198,0.198,0.198,0.0,0.0,0.0,0.0,0.198,0.0,0.0,0.0,0.0,0.0,0.0,0.0,0.0,0.0,0.0,0.0,0.0,0.01,0.0,0.0,0.0
108,Al1 Cr1 Cu1 Fe1 Mn1 W0.1,BCC+Sec.,POWDER,6.8,1250.0,183.82352941176472,0.0,0.196,0.0,0.0,0.0,0.0,0.196,0.196,0.196,0.0,0.0,0.0,0.0,0.196,0.0,0.0,0.0,0.0,0.0,0.0,0.0,0.0,0.0,0.0,0.0,0.0,0.02,0.0,0.0,0.0
108,Al1 Cr1 Cu1 Fe1 Mn1 W0.5,BCC+Sec.,POWDER,7.9,1510.0,191.13924050632912,0.0,0.182,0.0,0.0,0.0,0.0,0.182,0.182,0.182,0.0,0.0,0.0,0.0,0.182,0.0,0.0,0.0,0.0,0.0,0.0,0.0,0.0,0.0,0.0,0.0,0.0,0.091,0.0,0.0,0.0
109,Co0.2 Cu0.2 Fe0.2 Nb1 Ni0.2,FCC+Laves,WROUGHT,8.6,1498.0,174.18604651162792,0.0,0.0,0.0,0.0,0.0,0.111,0.0,0.111,0.111,0.0,0.0,0.0,0.0,0.0,0.0,0.556,0.0,0.111,0.0,0.0,0.0,0.0,0.0,0.0,0.0,0.0,0.0,0.0,0.0,0.0
109,Co0.133 Cu0.133 Fe0.133 Nb1 Ni0.133,FCC+Laves,WROUGHT,8.6,1635.0,190.11627906976744,0.0,0.0,0.0,0.0,0.0,0.087,0.0,0.087,0.087,0.0,0.0,0.0,0.0,0.0,0.0,0.653,0.0,0.087,0.0,0.0,0.0,0.0,0.0,0.0,0.0,0.0,0.0,0.0,0.0,0.0
109,Co0.086 Cu0.086 Fe0.086 Nb1 Ni0.086,FCC+Laves,WROUGHT,8.6,1703.0,198.02325581395348,0.0,0.0,0.0,0.0,0.0,0.064,0.0,0.064,0.064,0.0,0.0,0.0,0.0,0.0,0.0,0.744,0.0,0.064,0.0,0.0,0.0,0.0,0.0,0.0,0.0,0.0,0.0,0.0,0.0,0.0
109,Co0.067 Cu0.067 Fe0.067 Nb1 Ni0.067,FCC+Laves,WROUGHT,8.6,1415.0,164.53488372093025,0.0,0.0,0.0,0.0,0.0,0.053,0.0,0.053,0.053,0.0,0.0,0.0,0.0,0.0,0.0,0.789,0.0,0.053,0.0,0.0,0.0,0.0,0.0,0.0,0.0,0.0,0.0,0.0,0.0,0.0
112,Hf1 Ti1 Zr1,Other,CAST,8.3,773.0,93.13253012048192,0.0,0.0,0.0,0.0,0.0,0.0,0.0,0.0,0.0,0.0,0.333,0.0,0.0,0.0,0.0,0.0,0.0,0.0,0.0,0.0,0.0,0.0,0.0,0.0,0.333,0.0,0.0,0.0,0.0,0.333
112,Hf1 Sc1 Ti1 Zr1,Other,CAST,6.8,1001.0,147.2058823529412,0.0,0.0,0.0,0.0,0.0,0.0,0.0,0.0,0.0,0.0,0.25,0.0,0.0,0.0,0.0,0.0,0.0,0.0,0.0,0.0,0.25,0.0,0.0,0.0,0.25,0.0,0.0,0.0,0.0,0.25
112,Hf1 Ti1 Y1 Zr1,Other,CAST,7.0,554.0,79.14285714285714,0.0,0.0,0.0,0.0,0.0,0.0,0.0,0.0,0.0,0.0,0.25,0.0,0.0,0.0,0.0,0.0,0.0,0.0,0.0,0.0,0.0,0.0,0.0,0.0,0.25,0.0,0.0,0.25,0.0,0.25
112,Hf1 Sc1 Ti1 Y1 Zr1,Other,CAST,6.2,793.0,127.90322580645162,0.0,0.0,0.0,0.0,0.0,0.0,0.0,0.0,0.0,0.0,0.2,0.0,0.0,0.0,0.0,0.0,0.0,0.0,0.0,0.0,0.2,0.0,0.0,0.0,0.2,0.0,0.0,0.2,0.0,0.2
114,Al0.562 Co0.938 Cr0.312 Fe0.312 Ni1,FCC+BCC,CAST,7.1,1129.4,159.0704225352113,0.0,0.18,0.0,0.0,0.0,0.3,0.1,0.0,0.1,0.0,0.0,0.0,0.0,0.0,0.0,0.0,0.0,0.32,0.0,0.0,0.0,0.0,0.0,0.0,0.0,0.0,0.0,0.0,0.0,0.0
114,Al0.581 Co0.968 Cr0.323 Fe0.323 Mo0.032 Ni1,FCC+BCC,CAST,7.1,1159.7,163.3380281690141,0.0,0.18,0.0,0.0,0.0,0.3,0.1,0.0,0.1,0.0,0.0,0.0,0.0,0.0,0.01,0.0,0.0,0.31,0.0,0.0,0.0,0.0,0.0,0.0,0.0,0.0,0.0,0.0,0.0,0.0
114,Al0.6 Co1 Cr0.333 Fe0.333 Mo0.067 Ni1,FCC+BCC,CAST,7.1,1250.8,176.16901408450704,0.0,0.18,0.0,0.0,0.0,0.3,0.1,0.0,0.1,0.0,0.0,0.0,0.0,0.0,0.02,0.0,0.0,0.3,0.0,0.0,0.0,0.0,0.0,0.0,0.0,0.0,0.0,0.0,0.0,0.0
114,Al0.6 Co1 Cr0.333 Fe0.333 Mo0.1 Ni0.967,FCC+BCC,CAST,7.2,1198.3,166.43055555555554,0.0,0.18,0.0,0.0,0.0,0.3,0.1,0.0,0.1,0.0,0.0,0.0,0.0,0.0,0.03,0.0,0.0,0.29,0.0,0.0,0.0,0.0,0.0,0.0,0.0,0.0,0.0,0.0,0.0,0.0
117,Co1 Cr1 Cu1 Fe1 Ni1,FCC,CAST,8.3,300.0,36.14457831325301,0.0,0.0,0.0,0.0,0.0,0.2,0.2,0.2,0.2,0.0,0.0,0.0,0.0,0.0,0.0,0.0,0.0,0.2,0.0,0.0,0.0,0.0,0.0,0.0,0.0,0.0,0.0,0.0,0.0,0.0
117,Co1 Cr1 Cu1 Fe1 Ni1 V0.042,FCC+Sec.,CAST,8.3,303.0,36.50602409638554,0.0,0.0,0.0,0.0,0.0,0.198,0.198,0.198,0.198,0.0,0.0,0.0,0.0,0.0,0.0,0.0,0.0,0.198,0.0,0.0,0.0,0.0,0.0,0.0,0.0,0.008,0.0,0.0,0.0,0.0
117,Co1 Cr1 Cu1 Fe1 Ni1 V0.087,FCC+Sec.,CAST,8.3,307.0,36.98795180722891,0.0,0.0,0.0,0.0,0.0,0.197,0.197,0.197,0.197,0.0,0.0,0.0,0.0,0.0,0.0,0.0,0.0,0.197,0.0,0.0,0.0,0.0,0.0,0.0,0.0,0.017,0.0,0.0,0.0,0.0
117,Co1 Cr1 Cu1 Fe1 Ni1 V0.136,FCC+Sec.,CAST,8.3,330.0,39.75903614457831,0.0,0.0,0.0,0.0,0.0,0.195,0.195,0.195,0.195,0.0,0.0,0.0,0.0,0.0,0.0,0.0,0.0,0.195,0.0,0.0,0.0,0.0,0.0,0.0,0.0,0.026,0.0,0.0,0.0,0.0
117,Co1 Cr1 Cu1 Fe1 Ni1 V0.19,FCC+Sec.,CAST,8.2,616.0,75.1219512195122,0.0,0.0,0.0,0.0,0.0,0.193,0.193,0.193,0.193,0.0,0.0,0.0,0.0,0.0,0.0,0.0,0.0,0.193,0.0,0.0,0.0,0.0,0.0,0.0,0.0,0.037,0.0,0.0,0.0,0.0
118,Co1 Cr1 Cu1 Ni1 Zn1,FCC+FCC,POWDER,8.1,2121.0,261.85185185185185,0.0,0.0,0.0,0.0,0.0,0.2,0.2,0.2,0.0,0.0,0.0,0.0,0.0,0.0,0.0,0.0,0.0,0.2,0.0,0.0,0.0,0.0,0.0,0.0,0.0,0.0,0.0,0.0,0.2,0.0
124,Co1 Cr1 Fe1 Mn1 Ni1,FCC,POWDER,8.0,1100.0,137.5,0.0,0.0,0.0,0.0,0.0,0.2,0.2,0.0,0.2,0.0,0.0,0.0,0.0,0.2,0.0,0.0,0.0,0.2,0.0,0.0,0.0,0.0,0.0,0.0,0.0,0.0,0.0,0.0,0.0,0.0
127,Hf1 Mo1 Nb1 Ta1 Ti1 Zr1,BCC,CAST,9.9,1512.0,152.72727272727272,0.0,0.0,0.0,0.0,0.0,0.0,0.0,0.0,0.0,0.0,0.167,0.0,0.0,0.0,0.167,0.167,0.0,0.0,0.0,0.0,0.0,0.0,0.0,0.167,0.167,0.0,0.0,0.0,0.0,0.167
127,Hf1 Mo1 Ta1 Ti1 Zr1,BCC,CAST,10.2,1600.0,156.86274509803923,0.0,0.0,0.0,0.0,0.0,0.0,0.0,0.0,0.0,0.0,0.2,0.0,0.0,0.0,0.2,0.0,0.0,0.0,0.0,0.0,0.0,0.0,0.0,0.2,0.2,0.0,0.0,0.0,0.0,0.2
127,Hf1 Mo1 Nb1 Ti1 Zr1,BCC,CAST,8.7,1351.0,155.2873563218391,0.0,0.0,0.0,0.0,0.0,0.0,0.0,0.0,0.0,0.0,0.2,0.0,0.0,0.0,0.2,0.2,0.0,0.0,0.0,0.0,0.0,0.0,0.0,0.0,0.2,0.0,0.0,0.0,0.0,0.2
127,Hf1 Mo1 Nb1 Ta1 Zr1,BCC,CAST,10.9,1524.0,139.8165137614679,0.0,0.0,0.0,0.0,0.0,0.0,0.0,0.0,0.0,0.0,0.2,0.0,0.0,0.0,0.2,0.2,0.0,0.0,0.0,0.0,0.0,0.0,0.0,0.2,0.0,0.0,0.0,0.0,0.0,0.2
127,Hf1 Mo1 Nb1 Ta1 Ti1,BCC,CAST,10.8,1369.0,126.75925925925925,0.0,0.0,0.0,0.0,0.0,0.0,0.0,0.0,0.0,0.0,0.2,0.0,0.0,0.0,0.2,0.2,0.0,0.0,0.0,0.0,0.0,0.0,0.0,0.2,0.2,0.0,0.0,0.0,0.0,0.0
129,Al0.267 Co1 Cr0.667 Fe0.667 Ni0.667 Ti0.2,FCC+BCC,POWDER,7.3,2012.0,275.6164383561644,0.0,0.077,0.0,0.0,0.0,0.288,0.192,0.0,0.192,0.0,0.0,0.0,0.0,0.0,0.0,0.0,0.0,0.192,0.0,0.0,0.0,0.0,0.0,0.0,0.058,0.0,0.0,0.0,0.0,0.0
131,Al1 Nb1 Ti1 Zr1,B2,CAST,5.7,1509.0,264.7368421052631,0.0,0.25,0.0,0.0,0.0,0.0,0.0,0.0,0.0,0.0,0.0,0.0,0.0,0.0,0.0,0.25,0.0,0.0,0.0,0.0,0.0,0.0,0.0,0.0,0.25,0.0,0.0,0.0,0.0,0.25
131,Al1 Nb1 Ti1 Zr1,B2+Sec.,ANNEAL,5.7,1579.0,277.0175438596491,0.0,0.25,0.0,0.0,0.0,0.0,0.0,0.0,0.0,0.0,0.0,0.0,0.0,0.0,0.0,0.25,0.0,0.0,0.0,0.0,0.0,0.0,0.0,0.0,0.25,0.0,0.0,0.0,0.0,0.25
264,Al1 Cr1 Fe1 Mo0.5 Ni1,BCC+B2,CAST,6.8,1914.1,281.4852941176471,0.0,0.222,0.0,0.0,0.0,0.0,0.222,0.0,0.222,0.0,0.0,0.0,0.0,0.0,0.111,0.0,0.0,0.222,0.0,0.0,0.0,0.0,0.0,0.0,0.0,0.0,0.0,0.0,0.0,0.0
264,Al1 Cr1 Fe1 Mo0.5 Ni1 Ti0.25,BCC+B2,CAST,6.6,2161.7,327.530303030303,0.0,0.211,0.0,0.0,0.0,0.0,0.211,0.0,0.211,0.0,0.0,0.0,0.0,0.0,0.105,0.0,0.0,0.211,0.0,0.0,0.0,0.0,0.0,0.0,0.053,0.0,0.0,0.0,0.0,0.0
264,Al1 Cr1 Fe1 Mo0.5 Ni1 Ti0.4,BCC+B2,CAST,6.5,2185.1,336.16923076923075,0.0,0.204,0.0,0.0,0.0,0.0,0.204,0.0,0.204,0.0,0.0,0.0,0.0,0.0,0.102,0.0,0.0,0.204,0.0,0.0,0.0,0.0,0.0,0.0,0.082,0.0,0.0,0.0,0.0,0.0
264,Al1 Cr1 Fe1 Mo0.5 Ni1 Ti0.5,BCC+B2,CAST,6.5,2228.7,342.87692307692305,0.0,0.2,0.0,0.0,0.0,0.0,0.2,0.0,0.2,0.0,0.0,0.0,0.0,0.0,0.1,0.0,0.0,0.2,0.0,0.0,0.0,0.0,0.0,0.0,0.1,0.0,0.0,0.0,0.0,0.0
264,Al1 Cr1 Fe1 Mo0.5 Ni1 Ti0.6,BCC+B2,CAST,6.4,1314.5,205.390625,0.0,0.196,0.0,0.0,0.0,0.0,0.196,0.0,0.196,0.0,0.0,0.0,0.0,0.0,0.098,0.0,0.0,0.196,0.0,0.0,0.0,0.0,0.0,0.0,0.118,0.0,0.0,0.0,0.0,0.0
264,Al1 Cr1 Fe1 Mo0.5 Ni1 Ti0.75,BCC+B2,CAST,6.4,618.8,96.68749999999999,0.0,0.19,0.0,0.0,0.0,0.0,0.19,0.0,0.19,0.0,0.0,0.0,0.0,0.0,0.095,0.0,0.0,0.19,0.0,0.0,0.0,0.0,0.0,0.0,0.143,0.0,0.0,0.0,0.0,0.0
